0.0,2.12,0.02,-0.13,472.08417,47.654118
0.3835002481922581,2.12,0.01,-0.13,394.00568,108.79901
0.0,2.12,0.02,-0.13,476.00473,52.094482
0.8963003312686204,2.12,0.01,-0.13,470.78693,81.64624
0.808526058411691,2.12,0.01,-0.12,478.9078,95.86505
0.38784273468823355,2.13,0.01,-0.12,335.56506,126.46094
0.38799573920693836,2.12,0.01,-0.12,334.54416,126.3855
0.38784273468823355,2.12,0.01,-0.12,335.93195,126.80957
0.38784273468823355,2.12,0.01,-0.12,335.5899,126.95532
0.38784273468823355,2.11,0.01,-0.12,335.52673,126.65851
0.38784273468823355,2.12,0.02,-0.12,335.83575,125.90265
0.38784273468823355,2.12,0.02,-0.12,335.133,126.29126
0.3877969831929637,2.12,0.01,-0.12,335.52106,126.27179
0.38784273468823355,2.11,0.01,-0.13,335.85025,126.788635
0.0,2.12,0.01,-0.13,335.84155,126.59595
0.38799573920693836,2.11,0.00,-0.13,335.46802,126.2113
0.3877969831929637,2.11,0.01,-0.14,336.0332,126.64636
0.38799573920693836,2.12,0.01,-0.13,334.9835,127.01282
0.38784273468823355,2.11,0.01,-0.13,335.97412,126.845215
0.3877969831929637,2.11,0.02,-0.13,334.89032,126.52429
0.3877969831929637,2.11,0.01,-0.13,335.73865,126.16943
0.3877969831929637,2.11,0.02,-0.13,335.46588,126.30017
0.3877969831929637,2.11,0.01,-0.13,335.34238,127.10065
0.3877969831929637,2.11,0.01,-0.13,336.85535,126.451416
0.3877969831929637,2.11,0.01,-0.13,335.56857,126.840576
0.0,2.11,0.01,-0.13,335.30127,126.75244
0.38784273468823355,2.11,0.01,-0.13,335.11157,126.69592
0.38784273468823355,2.11,0.02,-0.14,335.53882,126.67346
0.38885536574447355,2.10,0.01,-0.14,335.4276,126.948364
0.38784273468823355,2.10,0.01,-0.15,335.48795,126.73425
0.3877969831929637,2.10,0.01,-0.15,336.07416,126.56763
0.38799573920693836,2.10,0.01,-0.15,335.4076,126.818726
0.38799573920693836,2.10,0.01,-0.15,335.45392,126.944336
0.38799573920693836,2.10,0.00,-0.15,334.964,127.389465
0.38784273468823355,2.09,0.00,-0.15,335.28885,126.91028
0.38784273468823355,2.09,0.00,-0.15,335.0144,126.74963
0.38784273468823355,2.09,0.00,-0.15,335.52182,126.52472
0.38799573920693836,2.09,-0.00,-0.15,335.48267,126.84662
0.3889038615014005,2.08,-0.00,-0.15,334.49988,127.313354
1.4501064974910902,2.08,-0.00,-0.15,334.65393,126.74817
1.4035248618405605,2.08,-0.00,-0.15,333.8844,127.04755
0.38799573920693836,2.08,-0.00,-0.14,334.27438,126.75128
0.0,2.08,-0.01,-0.13,335.28784,126.703735
0.38784273468823355,2.08,-0.00,-0.13,334.74515,127.51837
0.3889038615014005,2.08,-0.00,-0.13,335.24792,127.08368
1.3893479050214055,2.07,-0.00,-0.14,334.38568,126.860535
0.38784273468823355,2.07,-0.00,-0.14,336.04694,126.4563
0.38784273468823355,2.07,-0.00,-0.14,337.08838,127.41388
0.0,2.07,-0.00,-0.14,335.7959,127.64258
0.388044098026488,2.07,-0.00,-0.14,335.36182,127.39453
0.0,2.07,-0.00,-0.14,335.10388,127.243835
0.38799573920693836,2.07,-0.00,-0.13,336.16815,127.27173
0.0,2.07,-0.00,-0.13,336.04816,127.39685
0.38799573920693836,2.07,0.00,-0.14,334.84753,127.29944
0.0,2.06,0.01,-0.13,334.4361,126.93573
0.3889038615014005,2.07,0.00,-0.13,333.9854,127.24707
0.38784273468823355,2.06,0.01,-0.13,335.33618,126.61755
0.38784273468823355,2.06,0.01,-0.13,334.28967,127.09717
0.38789110397517695,2.06,0.01,-0.13,334.57574,127.19293
0.3889038615014005,2.06,0.02,-0.12,334.487,127.00433
0.38799573920693836,2.06,0.02,-0.12,334.60162,127.4798
1.398461645543463,2.06,0.02,-0.13,335.7555,127.14014
0.0,2.06,0.01,-0.13,335.45538,126.88745
0.38784273468823355,2.06,0.01,-0.13,335.86975,127.3551
0.3877969831929637,2.06,0.01,-0.13,335.66998,126.709656
0.38799573920693836,2.06,0.01,-0.14,335.0166,127.50537
0.0,2.06,0.01,-0.14,334.64996,127.11322
0.38784273468823355,2.06,0.01,-0.13,335.84802,127.41443
0.38784273468823355,2.06,0.01,-0.13,335.7224,127.004944
0.38784273468823355,2.06,0.01,-0.13,335.4369,127.136475
0.38799573920693836,2.06,0.01,-0.13,335.84796,127.318726
0.38784273468823355,2.06,0.01,-0.13,335.63986,126.955444
0.38784273468823355,2.06,0.02,-0.13,334.9745,127.09314
0.38784273468823355,2.06,0.01,-0.13,334.78473,126.90643
0.0,2.06,0.01,-0.13,335.36404,126.87488
0.0,2.06,0.01,-0.13,335.94415,127.32019
0.38784273468823355,2.06,0.00,-0.13,335.40396,126.64136
0.38784273468823355,2.06,0.01,-0.13,335.2098,127.47894
0.38784273468823355,2.06,0.01,-0.13,335.87848,127.00012
0.38784273468823355,2.06,0.01,-0.13,334.79065,127.50281
0.38784273468823355,2.06,0.00,-0.13,334.8089,127.356445
0.38784273468823355,2.06,-0.00,-0.13,336.2492,126.88666
0.38784273468823355,2.05,0.00,-0.13,335.34186,126.84601
0.38784273468823355,2.05,0.00,-0.13,335.37567,126.93152
0.38799573920693836,2.05,0.00,-0.13,335.27698,127.49689
0.0,2.05,0.01,-0.13,335.57196,127.16266
0.38799573920693836,2.05,0.01,-0.13,334.62643,127.24194
0.38799573920693836,2.05,0.00,-0.13,335.13736,127.22278
0.38784273468823355,2.04,0.00,-0.13,334.98236,126.664795
0.0,2.04,0.00,-0.13,335.79633,127.08966
0.38784273468823355,2.04,-0.00,-0.13,334.86493,126.66382
0.38784273468823355,2.05,0.00,-0.13,334.96722,127.11005
0.38799573920693836,2.04,0.00,-0.13,335.2596,127.112854
0.0,2.04,0.01,-0.13,334.6338,126.840515
0.38784273468823355,2.04,0.00,-0.15,335.18848,126.9939
0.38799573920693836,2.04,0.01,-0.14,335.04388,127.23389
0.38784273468823355,2.04,0.01,-0.14,336.1432,127.27612
0.38784273468823355,2.04,0.01,-0.14,334.50418,127.16992
0.38799573920693836,2.04,0.01,-0.14,334.88885,127.11389
0.38784273468823355,2.03,0.01,-0.14,334.3935,127.082825
0.38784273468823355,2.03,0.00,-0.13,335.33038,126.99585
0.38784273468823355,2.03,0.01,-0.14,335.27457,126.72003
0.38784273468823355,2.03,0.01,-0.13,335.41132,127.132935
0.38799573920693836,2.03,0.00,-0.13,335.36575,127.05286
0.38885536574447355,2.03,0.01,-0.13,334.6449,126.98187
0.38784273468823355,2.03,0.00,-0.13,335.2445,127.090454
0.38799573920693836,2.03,0.01,-0.14,334.58014,127.241455
0.38784273468823355,2.03,0.01,-0.13,335.38763,127.22009
1.4004869074822996,2.03,0.01,-0.13,336.25977,127.24652
0.38784273468823355,2.03,0.01,-0.13,334.92078,127.10297
0.38794999804831565,2.03,0.02,-0.14,335.90714,127.19678
0.38784273468823355,2.03,0.02,-0.13,334.86002,126.96808
0.3877969831929637,2.03,0.02,-0.13,337.08813,127.952515
0.38784273468823355,2.03,0.02,-0.14,335.60193,126.547
0.38799573920693836,2.03,0.02,-0.14,334.71924,126.86426
0.38784273468823355,2.03,0.01,-0.14,335.302,127.09888
0.38784273468823355,2.03,0.02,-0.14,335.64206,127.225586
0.38784273468823355,2.03,0.02,-0.14,336.2425,127.35681
0.38784273468823355,2.02,0.02,-0.15,335.3103,127.22644
0.389008770023718,2.02,0.02,-0.15,335.1831,127.55444
0.38784273468823355,2.03,0.02,-0.15,334.36005,126.98779
1.377196089830678,2.03,0.01,-0.15,335.0591,126.87335
0.38799573920693836,2.02,0.02,-0.14,335.27032,127.345825
0.38784273468823355,2.02,0.01,-0.14,334.93018,126.98065
0.38784273468823355,2.02,0.00,-0.14,335.3587,127.217896
0.38784273468823355,2.02,0.00,-0.13,335.22113,127.216736
0.38784273468823355,2.01,0.01,-0.14,335.55707,127.659485
0.5763370661422998,2.01,0.01,-0.14,175.47601,142.74054
0.3887862914400802,2.01,0.02,-0.14,348.73837,130.12994
0.38854465326156773,2.01,0.01,-0.14,351.8593,132.84601
0.0,2.01,0.01,-0.14,367.7873,131.5498
0.0,2.01,0.01,-0.14,372.6775,132.05206
0.0,2.01,0.01,-0.14,369.8722,132.4939
0.0,2.01,0.02,-0.14,349.97318,132.06244
0.38918567323771514,2.01,0.02,-0.14,346.0244,132.03833
0.39019919509798767,2.04,0.03,-0.11,344.9496,132.211
0.0,2.05,0.01,-0.10,345.35046,131.06201
0.38924989917025743,2.06,-0.01,-0.08,346.14914,132.10321
0.39013742958790076,2.06,-0.01,-0.08,344.67798,131.79028
0.0,2.03,0.48,-0.05,345.38657,132.79333
0.0,1.94,0.38,-0.16,336.27386,129.22571
0.0,1.97,0.36,-0.14,332.79858,127.34473
0.38693708686253103,1.97,0.26,-0.13,333.1485,126.50293
0.0,2.02,0.24,-0.07,334.04132,126.86896
0.38794999804831565,2.00,0.22,-0.10,332.53558,124.586914
0.38794999804831565,1.96,0.16,-0.13,333.5063,124.11914
1.4547308108166541,1.94,1.76,-0.08,332.53772,124.86597
1.4140422592047308,1.81,1.67,-0.20,333.0835,125.986084
1.4484817229731364,1.94,1.46,-0.08,334.0466,126.610596
1.4059388499137462,1.89,1.24,-0.12,332.82593,127.149536
1.4241714929837337,1.80,1.09,-0.19,333.46924,126.98236
0.0,1.75,0.60,-0.21,333.2048,126.61719
1.3355201073415965,1.43,0.16,-0.29,334.2564,126.697205
0.0,1.06,0.02,-0.36,333.00345,125.09808
0.3854322663424199,0.89,-1.46,-0.33,334.5587,125.04773
0.0,0.44,-1.89,-0.26,332.6706,123.41504
0.38702744292298086,-0.08,-1.00,-0.18,333.42676,124.62256
0.38675498263167307,-0.73,-0.04,-0.08,333.6964,124.34448
0.3874612959373665,-1.57,1.46,0.05,334.0973,124.84607
0.39023399499343864,-2.16,1.99,0.07,333.9079,125.21045
0.0,-2.64,2.33,0.21,334.65387,125.5509
0.3888264005842519,-3.16,3.30,0.27,333.85056,128.06415
0.38859887933851417,-3.68,4.68,0.21,334.73242,131.09412
0.38834618708888746,-3.81,4.24,0.06,334.44916,131.72687
0.3893522822692433,-4.12,4.39,0.28,335.2002,131.82922
1.194899113185248,-4.80,5.78,0.51,332.66412,132.14465
0.3900867954617493,-5.34,7.65,0.32,331.33575,135.26465
0.3887985571679465,-5.29,6.89,0.17,332.80957,140.60938
0.38989507963151826,-5.53,7.00,0.31,332.95035,138.85352
0.3918124902900158,-5.74,7.05,0.67,331.1317,139.81445
0.3912257712094141,-6.07,7.71,0.65,331.7248,147.91345
0.39212847221157904,-6.23,7.53,0.45,330.7583,148.2727
0.39212847221157904,-6.37,7.54,0.42,329.67065,147.72876
0.3930025604906467,-6.59,7.87,0.44,329.01855,147.7893
0.38998717483686574,-6.22,8.32,-1.14,330.54276,148.89734
0.390017717529667,-5.87,8.12,-1.10,331.2965,149.10889
0.3902532300108136,-5.71,7.61,-1.14,332.25726,148.77704
0.39015075515234765,-5.80,7.92,-1.02,331.99408,148.07306
0.3902532300108136,-5.79,7.72,-0.90,332.85254,148.86676
0.38911210802828655,-5.85,7.80,-0.89,331.91162,148.69397
0.39015075515234765,-5.89,7.70,-0.78,332.65985,148.12024
0.3901175527429217,-5.96,7.70,-0.68,333.0566,147.96582
0.39015075515234765,-6.02,7.74,-0.72,331.8336,148.53632
0.3911563153614523,-6.08,7.73,-0.64,331.33148,148.08649
0.3911230274969439,-6.17,7.74,-0.61,331.07407,148.56818
0.3910229349795195,-6.25,7.69,-0.50,330.18408,148.0802
0.3920281223629354,-6.35,7.86,-0.35,329.7785,147.43689
0.39199742204701005,-6.42,7.91,-0.34,328.3672,148.08167
0.39290461473643,-6.54,8.06,-0.26,327.9894,147.15442
0.39290461473643,-6.62,8.15,-0.27,327.26196,148.34882
0.3918997267801561,-5.98,7.99,-1.12,326.99072,147.71802
0.3920281223629354,-5.45,7.79,-1.17,330.73846,147.02612
0.3923705080822835,-4.98,7.77,-1.31,332.65933,147.18848
0.39095879115655074,-4.49,6.91,-1.43,330.4613,136.35571
0.3910562273647196,-4.44,7.36,-1.26,331.52496,135.10864
0.38995373868828076,-4.28,7.10,-1.28,331.35434,135.86237
0.39209755599725166,-4.15,6.82,-1.24,331.34564,134.49146
0.39039420322050267,-3.95,7.19,-1.20,330.66025,137.47693
0.39109219074794904,-3.30,6.58,-1.35,332.28394,135.80737
1.1698614467193622,-2.91,6.23,-1.38,333.09265,133.76892
1.1425970899642377,-2.32,5.79,-1.43,333.7636,132.5741
0.38647615492247894,-1.45,4.94,-1.62,334.83746,131.28369
0.38987213446634617,-0.31,2.66,-1.60,336.02863,128.97339
0.0,0.17,2.65,-1.52,333.73962,123.32855
0.0,0.68,2.83,-1.42,335.6313,124.46106
0.0,0.77,2.67,-1.30,334.88373,124.17578
0.0,0.84,2.58,-1.20,334.85748,124.84656
0.0,1.01,2.47,-1.06,335.52966,124.853516
0.0,1.09,2.38,-0.96,335.86414,125.088806
0.0,1.27,2.37,-0.83,334.9571,125.6181
0.0,1.39,2.19,-0.72,334.74252,125.283936
0.0,1.42,1.99,-0.64,333.14566,124.02466
0.0,1.39,1.86,-0.60,335.3186,124.710205
0.0,1.50,1.71,-0.52,333.33682,123.98352
0.3899203785782633,1.50,1.50,-0.46,334.79413,123.672485
0.0,1.70,1.36,-0.36,333.5495,124.006226
0.0,1.76,1.25,-0.32,334.39542,123.48816
0.0,1.77,1.11,-0.30,335.8066,118.54114
0.0,1.77,0.99,-0.28,334.44977,123.31177
0.0,1.77,0.91,-0.26,333.95416,123.29767
0.0,1.85,0.81,-0.19,332.9733,123.41492
0.0,1.86,0.72,-0.16,334.046,122.75708
0.0,1.86,0.61,-0.16,334.63956,115.414
0.39092940672418947,1.86,0.56,-0.16,345.3427,136.62073
0.0,1.86,0.49,-0.16,337.02744,121.46228
0.786730094948389,1.86,0.46,-0.15,180.556,164.15384
0.0,1.85,0.38,-0.15,338.43808,120.933716
0.0,1.85,0.34,-0.14,337.65338,120.89252
0.0,1.85,0.30,-0.14,337.433,120.67523
0.0,1.86,0.27,-0.14,338.65314,121.04523
0.0,1.86,0.23,-0.14,337.80255,120.57739
0.0,1.85,0.20,-0.14,337.2755,120.453674
0.0,1.85,0.17,-0.14,338.63806,120.68378
0.0,1.85,0.15,-0.13,337.48776,120.9541
0.0,1.85,0.13,-0.13,338.1839,120.631775
0.0,1.85,0.11,-0.13,337.68097,120.61597
0.0,1.85,0.09,-0.13,337.08572,120.682556
0.0,1.85,0.08,-0.13,337.27115,120.93982
0.0,1.85,0.07,-0.13,338.00012,120.770874
0.0,1.84,0.06,-0.13,336.9987,120.25452
0.0,1.84,0.05,-0.13,337.6684,120.6142
0.0,1.84,0.04,-0.13,337.44833,120.805786
0.0,1.84,0.04,-0.13,337.36664,121.328735
0.0,1.84,0.04,-0.13,337.40912,120.92102
0.0,1.83,0.03,-0.13,338.24442,121.162964
0.0,1.83,0.03,-0.13,336.8689,120.519165
0.0,1.83,0.02,-0.13,337.62772,120.676575
0.0,1.84,0.02,-0.13,337.5958,121.05597
0.0,1.84,0.01,-0.13,337.4889,120.260376
0.3887338084281274,1.83,0.01,-0.13,338.22598,121.58942
0.0,1.83,0.01,-0.13,332.9177,118.74719
0.0,1.83,0.01,-0.13,334.80493,121.658936
0.0,1.83,0.01,-0.13,335.82318,120.90198
0.0,1.75,0.07,-0.21,335.3116,121.486084
0.0,1.82,0.11,-0.14,334.30215,120.41571
0.0,1.82,0.33,-0.13,335.01022,121.17743
0.39166992554195207,1.80,2.06,-0.07,333.5888,124.39331
0.0,1.96,3.64,-0.11,333.74432,132.51099
0.0,3.62,0.31,-0.45,334.816,132.7091
0.38794999804831565,4.27,0.14,-0.55,333.79816,128.04193
1.3963694240477338,5.04,-1.20,-0.52,335.18536,126.175415
0.0,5.49,-1.63,-0.86,337.01233,124.79895
0.38432519170900825,5.73,-2.31,-0.76,336.6492,125.881714
0.3822970859378645,5.82,-3.03,-0.49,337.5891,125.66931
0.3833111538558907,5.80,-3.18,-0.39,336.92374,125.86847
0.38266354059858393,5.94,-3.57,-0.49,341.528,127.76941
0.3824578486600556,5.98,-3.75,-0.41,337.20645,125.0462
0.3814036541694842,5.97,-3.92,-0.41,338.2448,124.71094
0.38241801201193804,6.08,-4.03,-0.31,337.38416,125.04761
0.38241801201193804,6.11,-4.25,-0.36,338.25677,124.8952
0.3847388024597148,6.15,-4.39,-0.18,343.26886,127.885376
0.38241801201193804,6.40,-4.53,-0.37,337.5148,125.17883
0.3824578486600556,6.65,-4.71,-0.50,339.13446,126.3078
0.38363606770451986,6.78,-4.75,-0.46,340.71454,126.58142
0.3846935906579648,6.87,-4.82,-0.51,340.30792,126.39899
0.3846935906579648,7.16,-5.02,-0.64,341.11328,125.84302
0.3858757586871888,7.25,-5.04,-0.52,342.61664,125.6535
0.38486027915098303,7.34,-5.09,-0.70,342.96045,126.00427
0.38388991132726175,7.56,-5.41,-0.64,342.99994,125.42212
0.38384482904508505,7.59,-5.48,-0.55,342.18735,124.64697
0.3840136084825661,7.64,-5.61,-0.45,342.43036,123.99365
0.38384482904508505,7.72,-5.65,-0.59,343.1051,123.979675
0.38299768315968274,7.87,-5.81,-0.62,342.32285,124.1875
0.3842776167266923,8.02,-5.98,-0.55,341.6541,124.09338
0.0,8.19,-6.16,-0.64,350.53482,126.21277
0.3821764977495248,8.22,-6.16,-0.51,350.39935,125.88013
0.0,8.29,-6.28,-0.69,351.4625,126.187195
0.0,8.48,-6.63,-0.65,351.2555,126.21924
0.0,8.44,-6.67,-0.51,352.3589,127.392456
0.0,8.45,-6.68,-0.45,351.0859,126.59949
0.0,8.49,-6.83,-0.27,351.48874,126.96167
0.0,8.58,-6.70,-0.33,350.34808,127.54541
0.0,8.74,-6.69,-0.44,352.84628,126.29236
0.0,8.90,-6.48,-0.36,349.16602,125.53552
0.0,8.99,-6.48,-0.40,350.13882,126.23425
0.0,9.13,-6.54,-0.47,349.81567,126.29187
0.38862377263645836,9.41,-6.92,-0.69,350.9176,126.605835
0.3898171674980295,9.60,-7.10,-0.77,356.64124,128.55719
0.38867970711103617,9.70,-7.39,-0.91,354.5915,128.19269
0.0,9.69,-7.62,-0.87,354.47083,127.41528
0.0,9.79,-7.95,-0.80,352.81177,127.90289
0.0,9.90,-8.08,-0.93,354.13196,127.50232
0.3887993810072395,9.84,-8.16,-0.80,357.99814,129.21527
0.0,9.82,-8.14,-0.42,357.83057,129.07666
0.0,10.23,-8.46,-0.71,358.75104,129.76093
0.3871207119335177,10.38,-8.54,-0.95,356.40057,129.81946
0.38802278409876867,10.34,-8.61,-0.65,359.87543,130.5365
0.38688017528506496,10.59,-8.75,-0.81,355.5989,130.52838
0.38592269609612107,10.75,-8.69,-1.05,358.65073,130.4823
0.38604132869647506,10.72,-8.78,-0.97,355.39227,130.48865
0.38610195603961467,10.74,-8.88,-0.86,356.12964,130.21448
0.38604132869647506,10.80,-8.91,-0.96,355.7818,130.49237
0.38592269609612107,10.88,-8.98,-1.10,359.13068,130.64404
0.38520408970441866,10.82,-9.06,-0.99,355.4527,130.73608
0.3850227642783711,10.84,-9.20,-0.93,355.9658,130.10437
0.38520408970441866,10.84,-9.27,-0.83,353.71576,130.98071
0.38622313408052816,10.87,-9.28,-0.89,355.17175,130.84143
0.38520408970441866,10.96,-9.39,-0.85,355.24393,131.25769
0.3841850133542526,10.97,-9.46,-0.84,356.54944,131.51343
0.3831659676135952,10.92,-9.52,-0.74,356.11673,131.94006
0.3831659676135952,10.88,-9.49,-0.66,356.0725,131.88599
0.38526453723340454,10.76,-9.58,-0.51,356.3294,132.19574
0.38514620853152065,10.50,-9.78,-0.13,354.42133,131.05676
0.38520408970441866,10.51,-9.69,-0.26,354.46124,131.57062
0.0,10.66,-9.58,-0.68,356.81293,130.9834
0.0,10.80,-9.42,-0.97,354.76785,132.41211
0.0,10.76,-9.38,-0.93,356.34045,132.8573
0.0,10.66,-9.35,-0.66,355.2143,133.20483
0.3841850133542526,10.90,-9.35,-0.72,355.50128,132.45569
0.38563470155576207,11.29,-9.29,-1.30,357.26547,134.50366
0.38378215534007754,11.36,-9.34,-1.59,355.93445,134.92358
0.3848028395883973,11.26,-9.46,-1.12,356.73907,136.7486
0.3837220756608168,11.24,-9.45,-1.04,355.2165,135.70477
0.38378215534007754,11.27,-9.51,-1.15,355.3271,135.48743
0.384742599346385,11.22,-9.51,-1.01,356.81012,136.05554
0.3837220756608168,11.26,-9.48,-0.99,355.17303,136.15271
0.384742599346385,11.30,-9.58,-1.06,355.6454,135.64685
0.0,11.30,-9.61,-1.04,348.22968,134.54333
0.3829193906956067,11.43,-9.47,-1.45,347.9881,133.94714
0.38193009333524974,11.54,-9.48,-1.50,357.22687,138.2157
0.38004933661771895,11.44,-9.62,-1.18,350.32495,134.02869
0.38371381747405675,11.41,-9.75,-0.88,349.05576,126.98047
0.38004933661771895,11.49,-9.71,-1.03,348.18945,135.16296
0.37902771213297987,11.59,-9.68,-1.21,349.9735,134.59943
0.37922297669551075,11.63,-9.81,-1.11,350.76367,135.47089
0.378200795445719,11.58,-9.92,-1.00,350.0064,134.93616
0.37922297669551075,11.63,-9.97,-1.01,349.19324,135.62305
0.37922297669551075,11.77,-10.06,-0.99,350.11884,136.0661
0.3794206927729984,11.99,-10.12,-1.18,349.09668,138.77222
0.3783979788743918,12.09,-10.11,-1.33,349.94635,138.35657
0.378597607796928,12.04,-10.08,-1.21,352.16235,138.8407
0.3796208623016353,12.03,-10.14,-1.17,350.86884,138.48523
0.3796208623016353,12.09,-10.14,-1.32,350.8144,138.69354
0.38055165571692584,12.15,-10.15,-1.61,350.73755,128.41016
0.37870308819301685,12.14,-10.25,-1.70,353.69827,139.76202
0.37972662801312274,12.01,-10.37,-1.34,354.42004,140.45618
0.37864909309202427,11.97,-10.37,-1.15,353.40332,140.51123
0.37864909309202427,12.07,-10.26,-1.31,354.1237,141.51819
0.3778272429102204,12.04,-10.25,-1.23,353.35403,141.26538
0.3788511508587862,12.00,-10.30,-1.12,352.6502,141.18433
0.3788511508587862,11.97,-10.31,-1.05,354.90674,141.17896
0.3788511508587862,11.98,-10.30,-1.01,352.76077,140.73486
0.3788511508587862,12.04,-10.31,-1.01,353.21698,142.11224
0.3788511508587862,11.99,-10.24,-0.92,353.06442,142.20508
0.3798750910133664,11.93,-10.30,-0.80,352.242,142.0586
0.3787996839969298,11.91,-10.19,-0.82,351.1059,141.49854
0.3778272429102204,11.90,-10.18,-1.03,351.13373,142.32849
0.3789051310255195,11.83,-10.31,-1.02,353.3305,143.05652
0.3778272429102204,11.72,-10.35,-1.03,353.4842,143.40234
0.37788107637672164,11.68,-10.45,-1.06,353.79926,145.15771
0.3768033335120073,11.58,-10.43,-1.07,354.30844,144.10583
0.37788107637672164,11.47,-10.48,-1.04,353.83972,144.52905
0.37870308819301685,11.33,-10.44,-1.00,354.12277,144.75153
0.37767958065829343,11.10,-10.43,-0.96,354.98196,145.74182
0.37767958065829343,10.63,-10.53,-0.83,354.83606,146.36798
0.37927462944808277,10.04,-10.53,-0.64,354.28925,142.58527
0.38021234675669513,9.07,-10.23,-0.68,360.8941,143.88379
0.3777861677714607,8.48,-10.15,-0.22,359.87006,143.56287
0.3764164796018722,7.88,-9.85,0.33,354.63498,141.1283
0.37822206119672885,7.52,-9.46,0.40,352.19226,138.81946
0.37808831549221944,7.07,-8.65,0.10,354.76733,140.6117
0.37852255228246817,6.75,-8.28,0.14,353.59814,140.95813
0.3783021436161015,6.14,-7.59,0.42,353.03265,138.1159
0.37800939117299076,5.69,-6.81,0.39,351.46585,137.40405
0.3788590387120315,5.32,-6.12,0.41,351.56415,136.66174
0.37751863046341916,4.91,-6.05,0.23,352.67023,137.8656
0.3821816445342883,4.41,-5.74,0.56,361.32605,142.22046
0.382432045764846,3.86,-4.97,0.83,359.71497,137.68988
0.3812072668133231,3.61,-4.89,0.52,357.30273,137.23627
0.3822764139062699,3.20,-4.39,0.99,360.18158,138.9577
0.3770313785739312,2.83,-4.04,1.28,341.91083,139.17651
0.3758646361025318,2.58,-4.31,1.35,342.84113,139.46655
0.0,2.48,-4.16,1.13,341.61984,141.599
0.0,2.17,-3.67,0.94,343.08636,142.6665
0.3777787662705376,1.68,-2.47,0.78,342.9842,142.047
0.37517521272117843,1.24,-1.88,0.71,342.22986,135.05603
0.37604785332374335,0.90,-2.05,0.66,341.10254,134.67859
0.37577819011359465,0.25,-1.67,0.66,342.3281,134.18939
0.37564713034592795,-0.17,-1.32,0.61,340.4904,136.2107
0.3753925591451823,-0.78,-0.31,0.39,340.79352,136.8263
0.37507159860977685,-1.29,0.12,0.43,340.7081,135.37085
0.37588195996567697,-1.62,-0.00,0.64,341.68997,136.1593
0.3758077986842359,-1.98,0.41,0.68,341.27026,138.10071
0.3767038303876078,-2.17,0.78,0.66,340.39124,138.67029
0.37565704453131593,-2.31,1.14,0.56,340.9439,138.71234
0.37565704453131593,-2.44,1.51,0.49,340.8579,139.53088
0.3766641550919477,-2.58,1.66,0.40,341.77228,140.57556
0.3765552081559222,-2.76,2.21,0.26,341.91632,140.6654
0.37554838919677147,-2.79,2.48,0.17,342.03995,140.92444
0.3765552081559222,-2.78,2.75,-0.14,342.56592,141.3728
0.3746893673442137,-2.84,3.16,-0.58,342.42035,142.1814
0.3766371363920311,-2.78,3.25,-0.58,343.9166,141.45715
0.3746893673442137,-2.88,3.49,-0.51,343.77054,142.25568
0.37563009829156524,-3.07,3.70,-0.47,342.4402,142.27148
0.375587964539738,-3.11,3.87,-0.41,343.39328,142.94373
0.3766371363920311,-3.14,4.14,-0.53,342.4599,142.69385
0.37462303010700543,-3.12,4.32,-0.73,343.3081,142.99036
0.37361599192415,-2.78,4.65,-0.95,344.94598,142.57489
0.0,-1.75,4.65,-1.44,345.05865,142.8103
0.0,-0.68,4.20,-1.52,345.74866,145.74615
0.37205078124426133,0.01,4.36,-1.20,352.20062,147.65662
0.0,0.97,3.96,-0.80,349.80347,148.5968
0.37535774558931456,1.62,3.92,-0.32,346.86847,145.45453
0.3754199215397992,2.11,3.61,0.09,344.69855,145.63434
0.37238418994734235,2.34,3.42,0.13,343.84833,144.86902
0.37252875154602394,2.52,3.65,-0.05,344.43353,144.9021
0.372464582557093,2.58,3.83,-0.37,348.24115,144.15662
0.3704840434181767,2.65,4.04,-0.93,350.33133,143.2909
0.3717356291081106,3.06,3.95,-2.02,353.11133,144.59875
0.36985561161341307,3.54,3.64,-2.31,354.6164,143.43872
0.0,3.89,3.33,-2.33,358.93906,143.35315
0.36939746395661355,4.32,2.88,-2.34,355.94843,140.23804
0.37123736878509866,4.90,2.38,-2.22,364.893,139.74335
0.0,5.04,1.87,-2.09,366.60757,139.77325
0.3697102091516066,4.73,1.21,-2.11,360.416,138.48767
0.36869450433301865,4.82,0.69,-2.11,359.59476,138.79095
0.0,5.27,0.14,-2.05,360.8588,138.73584
0.36972760511652925,6.04,-0.81,-1.80,369.98248,141.38983
0.3680550589686514,6.65,-0.73,-1.85,366.61102,145.68347
0.0,7.08,-0.87,-1.89,365.70938,146.47382
0.36742559705462635,7.53,-1.17,-1.91,366.14825,147.10254
0.0,7.84,-1.31,-1.90,366.00406,146.57007
0.3667459272297072,8.23,-1.90,-1.92,367.627,148.315
0.3679980212776734,8.45,-2.52,-1.66,368.06006,149.59595
0.36727113883484713,8.60,-2.88,-1.53,362.1473,144.07788
0.3681735641321635,8.94,-3.26,-1.81,369.49362,149.85779
0.0,9.04,-3.49,-1.88,371.76328,151.78204
0.0,9.15,-3.86,-1.56,372.28525,151.86932
0.0,9.42,-4.40,-1.24,370.79938,151.83484
0.0,9.47,-4.61,-1.33,370.27545,152.02063
0.0,9.62,-4.79,-1.50,371.65356,152.52716
0.0,9.70,-4.85,-1.53,370.8319,151.82758
0.0,9.88,-5.15,-1.46,371.31506,151.39667
0.0,10.05,-5.37,-1.32,372.38013,152.42822
0.0,10.11,-5.50,-1.08,372.55176,152.45575
0.0,10.15,-5.54,-1.01,372.4842,151.79492
0.3653115098265809,10.33,-5.83,-1.22,365.7109,137.22534
0.3651456942281557,10.60,-6.11,-1.36,376.4662,155.32251
0.0,10.84,-6.58,-1.52,372.9713,154.40045
0.0,10.92,-6.92,-1.25,375.0164,154.6745
0.0,11.08,-7.32,-1.16,378.1553,157.94604
0.0,11.20,-7.70,-1.19,372.0163,155.91699
0.0,11.20,-7.85,-1.20,374.41888,157.54242
0.0,11.33,-7.99,-1.24,374.6167,158.05493
0.3630195890630607,11.47,-8.20,-1.35,374.888,159.38379
0.3630928187294555,11.55,-8.48,-1.12,376.89215,159.16772
0.3630195890630607,11.65,-8.70,-0.87,377.64822,160.74786
0.3632150720701007,11.80,-8.72,-0.99,375.46643,159.7265
0.3632150720701007,11.91,-8.92,-0.97,375.69263,159.21515
0.3632150720701007,11.91,-9.17,-0.85,376.6339,160.20691
0.3632882793194536,11.93,-9.46,-0.74,375.99707,161.87622
0.3622620536990984,11.96,-9.58,-0.75,376.43677,161.43164
0.36183762435756783,12.02,-9.71,-0.75,379.5921,164.30823
0.36183762435756783,12.06,-9.77,-0.67,380.7117,164.2879
0.36183762435756783,12.29,-10.03,-0.70,380.68033,164.04321
0.3610822492134978,12.39,-10.03,-0.94,383.03333,164.91772
0.360056429532938,12.54,-10.10,-1.11,382.09406,164.69458
0.360056429532938,12.68,-10.24,-1.15,382.98297,164.68774
0.3592215123475721,12.72,-10.36,-1.19,383.58383,164.83215
0.3592215123475721,12.86,-10.44,-1.29,384.9828,165.41504
0.35930338151321706,12.97,-10.50,-1.33,387.19434,165.91693
0.35930338151321706,13.08,-10.62,-1.14,387.01697,165.60413
0.35930338151321706,13.18,-10.71,-0.98,386.34735,166.396
0.35930338151321706,13.31,-10.82,-1.08,386.75476,166.1847
0.35769302513704937,13.34,-10.81,-1.12,269.96246,137.66248
0.3585533485660049,13.44,-10.99,-1.09,387.88406,165.66382
0.357019575337777,13.46,-11.01,-1.06,264.71667,138.04242
0.3585533485660049,13.65,-11.12,-0.96,386.41406,166.65344
0.0,13.73,-10.94,-1.12,263.72473,139.47278
0.0,14.03,-10.96,-1.42,386.17444,165.55157
0.0,14.02,-11.01,-1.31,259.4242,139.84814
0.3585533485660049,13.97,-11.44,-0.68,386.73706,165.82202
0.3572163799171614,13.95,-11.57,-0.48,258.39624,139.29956
0.3585533485660049,13.96,-11.71,-0.67,385.17413,166.17651
0.35606254902909795,13.82,-11.85,-0.63,260.73932,141.21472
0.35958074007289353,12.30,-12.80,0.40,386.39612,165.67932
0.3570828026698025,11.86,-13.03,0.69,261.70795,139.53369
0.0,9.91,-12.80,1.92,381.2896,164.22717
0.3670498753030106,8.16,-13.02,3.40,371.67297,153.71161
0.3683515079805153,6.91,-12.93,4.05,362.26422,144.24988
0.37042073032112893,6.03,-12.40,4.80,365.7998,148.48474
0.3721219741628901,4.83,-10.97,5.04,367.2364,147.50574
0.3726521775977626,4.08,-10.16,5.31,355.58875,138.81323
0.3739604612909554,2.92,-8.17,5.16,359.458,142.99591
0.37390883182244194,2.38,-6.86,5.25,354.50568,141.25146
0.3725085504078353,2.30,-7.09,4.65,346.26886,138.68903
0.36947177479670396,2.32,-6.46,3.60,348.25757,140.47241
0.36869692689976147,1.98,-5.76,3.06,356.23602,144.18738
0.372604034273977,1.38,-4.97,3.46,354.11707,144.10864
0.3719112132790047,0.89,-4.84,3.74,346.63763,135.83191
0.37160793590535324,-0.06,-3.30,3.37,345.68198,137.66663
0.0,-1.16,-0.86,3.14,347.60083,136.06482
0.3705532786291866,-1.51,-1.28,3.21,347.61713,133.56482
0.3704095362318658,-2.23,-0.78,3.18,346.10388,133.8581
0.37221962607959475,-2.82,-0.11,3.05,345.65265,133.97919
0.3701104717533175,-3.06,0.43,2.61,344.92386,134.52661
0.37102126156492277,-3.44,1.23,2.43,345.93567,134.99323
0.37092884436404394,-3.90,1.81,2.35,343.06674,134.69104
0.0,-3.82,1.93,2.07,347.51233,138.00812
0.0,-3.90,2.27,1.82,346.63013,137.89667
0.373265023525206,-4.30,3.10,1.56,347.77063,138.37885
0.37513914147169547,-4.50,3.37,1.58,347.39322,138.15125
0.37513914147169547,-4.71,3.68,1.41,346.29944,137.97272
0.3741333897267629,-4.90,3.77,1.13,344.61755,138.62457
0.37198997927289257,-4.96,3.74,1.04,343.40582,138.73108
0.0,-5.08,4.37,0.90,343.2914,140.03894
0.3739075661867254,-5.25,5.01,0.77,343.61975,140.03888
0.0,-5.39,5.27,0.74,342.58136,141.08386
0.3739075661867254,-5.38,5.40,0.59,341.37878,140.22351
0.3739075661867254,-5.42,5.73,0.39,341.4286,139.81348
0.3739075661867254,-5.44,5.86,0.32,341.67783,140.05554
0.3739075661867254,-5.45,6.04,0.23,340.82782,139.77795
0.3739075661867254,-5.48,6.19,0.16,342.0711,139.8529
0.3739075661867254,-5.47,6.33,0.01,342.51413,140.22986
0.3739075661867254,-5.52,6.48,-0.10,341.37115,140.27594
0.3739075661867254,-5.64,6.58,0.07,341.48138,140.4455
0.37482183104856165,-5.90,6.66,0.02,341.82623,140.58875
0.0,-6.14,6.92,0.06,340.62787,140.98456
0.0,-6.33,7.09,0.04,343.74023,142.00519
0.3698730571376708,-6.04,8.56,-2.31,344.94754,142.43799
0.3698730571376708,-5.76,8.42,-2.14,347.078,142.63312
0.36996270874428167,-5.61,8.31,-2.07,347.72253,143.89093
0.37100974815597476,-5.54,8.15,-1.80,349.34457,142.8927
0.36996270874428167,-5.53,7.97,-1.37,348.34195,143.09619
0.36992362998820993,-5.61,7.94,-1.32,346.352,143.87488
0.36996270874428167,-5.69,7.86,-1.43,348.02112,143.09412
0.36996270874428167,-5.74,7.85,-1.30,348.04883,144.2337
0.36996270874428167,-5.77,7.81,-1.22,348.6845,144.57727
0.3709680291784195,-5.76,7.78,-1.19,348.3692,143.81158
0.37000431477311324,-5.77,7.88,-1.14,347.8836,144.58984
0.3700548703159121,-5.80,7.90,-1.10,347.8064,145.12604
0.36895735858827694,-5.79,7.94,-1.08,347.93118,143.93042
0.3679520381541391,-5.83,7.93,-1.14,348.01266,144.91968
0.36799341766589505,-5.80,7.87,-1.07,348.74432,145.63269
0.3700964700385621,-5.86,7.92,-1.11,349.19934,145.73047
0.36799341766589505,-5.88,7.96,-1.03,350.08466,145.14111
0.3679520381541391,-5.90,7.98,-0.95,348.5256,145.23175
0.37100974815597476,-5.88,7.96,-0.78,347.5893,145.25189
0.36996270874428167,-5.93,7.99,-0.96,347.9371,145.70227
0.36899885139906136,-5.95,7.97,-1.01,348.80408,145.36377
0.3690907562185219,-6.03,7.83,-1.10,349.74112,146.44714
0.3690907562185219,-6.09,7.99,-1.28,349.86,146.04944
0.3660736747453033,-6.09,8.11,-1.41,349.94345,145.90112
0.3661173193429568,-5.96,8.13,-1.79,351.6714,145.39703
0.3672632715981007,-5.59,8.13,-2.28,353.95078,147.3252
0.36645176562850296,-4.54,7.00,-2.40,355.57343,147.0155
0.0,-2.94,6.00,-2.54,352.22955,144.20483
0.36725967089775635,-2.40,5.94,-3.06,353.75378,151.60461
0.36708376237587725,-2.12,6.15,-3.58,363.37033,152.81573
0.0,-1.36,5.51,-3.72,364.9557,154.30017
0.0,-0.85,5.52,-3.73,364.2387,155.495
0.0,-0.69,5.82,-4.18,361.5962,155.13983
0.0,-0.37,5.49,-4.17,375.13086,154.82996
0.0,-0.17,5.28,-3.92,376.33167,155.10217
0.0,-0.00,4.97,-3.61,376.04355,154.46405
0.3615629602491502,0.64,4.36,-3.24,377.08838,153.98169
0.35957712976075573,0.78,4.37,-3.19,367.3333,142.08514
0.35969574708053853,1.54,3.83,-2.88,374.85156,154.23248
0.3602010726019795,2.23,3.32,-2.68,366.83133,140.93298
0.35991529681703566,2.49,3.26,-2.71,376.22583,153.28162
0.3601624339643385,3.07,2.77,-2.33,375.38013,150.41577
0.36038903965422997,3.25,2.37,-2.03,373.6643,148.22815
0.36038903965422997,3.53,1.95,-1.68,372.89758,149.5108
0.36048539721589634,3.93,1.26,-1.32,372.6604,149.62158
0.360551686617046,4.03,0.97,-1.32,373.34195,150.36792
0.3607166947548994,4.29,0.61,-1.43,372.647,150.66425
0.35986463104935823,4.34,0.41,-1.45,373.02753,151.12158
0.35986463104935823,4.45,0.08,-1.33,371.36163,146.06885
0.35891346983370004,4.59,-0.19,-1.20,371.73785,146.96631
0.35874706305781556,4.68,-0.49,-1.13,369.96344,147.44958
0.3577983594375371,4.82,-0.75,-1.14,370.80713,148.84924
0.3579642736254059,4.99,-0.96,-1.20,373.32007,149.97083
0.3563338866460723,5.29,-1.17,-1.53,378.8679,155.87671
0.3547103095521115,5.51,-1.46,-1.74,380.35083,159.99799
0.3546360198673493,5.64,-1.60,-1.72,375.3171,156.61072
0.3541975814613639,6.00,-2.08,-1.43,373.57806,141.229
0.3546137565349191,6.15,-2.33,-1.15,373.77295,144.04382
0.3555588333350242,6.55,-2.56,-0.43,374.37646,144.81506
0.35868533832558647,6.98,-3.13,0.25,380.36542,166.3617
0.3609246635405698,7.56,-3.78,0.96,382.37173,167.93634
0.3618745667320894,8.21,-4.14,1.30,379.6383,169.65216
0.36314425963328156,8.84,-4.75,1.23,376.82385,169.64258
0.3620671460679372,9.18,-4.93,0.93,379.98203,169.26013
0.362415216094829,9.45,-5.19,0.77,376.47772,170.081
0.36261239988405713,9.76,-5.59,0.63,377.9356,171.31836
0.362892011447891,9.86,-5.82,0.46,377.99115,170.91467
0.3618640014726049,10.00,-6.07,0.22,377.8883,170.78955
0.3608359618593973,10.13,-6.41,0.00,379.63867,171.15906
0.360756306781793,10.30,-6.79,0.06,381.16907,171.349
0.3608359618593973,10.53,-7.18,0.13,379.99225,171.68823
0.360756306781793,10.70,-7.44,0.09,381.4682,171.86194
0.3599286329258532,10.94,-7.86,-0.06,380.609,172.39032
0.3602104068761914,11.24,-8.02,-0.36,380.87305,172.69354
0.35843679423022357,11.55,-8.29,-0.75,383.73352,174.37964
0.3574067863931228,11.92,-8.69,-0.82,383.28894,174.53949
0.35658137730806244,12.20,-8.97,-0.93,368.25128,166.30359
0.3570803088320537,12.42,-9.34,-0.94,388.06116,177.85504
0.35716565578325826,12.78,-9.83,-0.91,388.3969,178.84265
0.35522634890703575,13.01,-10.13,-1.21,386.38428,178.55139
0.35457683509540167,13.23,-10.43,-1.39,371.09576,155.56348
0.3536319630670655,13.36,-10.63,-1.42,392.87192,178.37604
0.35380103934133983,13.70,-11.10,-1.33,377.27484,158.14398
0.35440941894173167,14.21,-11.84,-0.97,376.20374,174.44922
0.354631549052589,14.37,-12.11,-0.75,374.30225,173.48822
0.35594235139103386,14.39,-12.53,-0.49,367.4166,173.4696
0.354631549052589,14.85,-13.35,-0.56,370.061,173.25214
0.35479071928604655,12.87,-16.65,1.36,390.6815,178.50781
0.35539830479569406,12.19,-16.49,1.52,390.61703,179.14471
0.35424498693008827,11.40,-16.02,1.37,367.1731,169.02948
0.35477494659340203,11.18,-16.05,1.64,386.7661,177.19983
0.3546877175609784,10.93,-15.75,1.80,388.17154,177.47095
0.35571880309171416,10.46,-15.36,1.93,386.9188,177.44934
0.3552280085246433,9.82,-14.85,2.02,383.94385,176.43506
0.35700328815029336,9.20,-14.58,3.09,382.7374,174.39948
0.3606376142642001,8.67,-14.38,4.20,382.55743,175.49408
0.36289969449008525,8.19,-14.12,5.06,379.963,163.25299
0.36563734972374873,7.52,-13.64,5.67,372.99634,161.23499
0.3689636780848013,6.84,-13.09,6.23,370.96188,169.901
0.0,6.60,-12.75,6.37,364.66522,168.16833
0.0,6.17,-12.29,6.53,364.62677,166.77234
0.3741383382528204,5.35,-11.02,6.56,362.31488,162.00269
0.3753739179721664,5.11,-10.65,6.64,361.333,155.73724
0.0,4.92,-10.07,6.47,362.27917,154.29895
0.0,4.77,-9.40,6.07,361.08908,153.85443
0.0,4.58,-8.70,5.76,361.0149,154.22388
0.381677305329852,4.38,-7.79,5.34,357.8693,151.93933
0.3814002353349816,4.36,-7.24,4.86,353.94598,150.11414
0.38011946211263226,4.32,-6.78,4.46,348.33057,146.99805
0.378086734704869,4.33,-6.35,4.02,347.1814,146.76422
0.38011946211263226,4.41,-5.99,3.41,348.78073,146.729
0.3791031137154051,4.40,-5.71,3.14,348.42914,147.4408
0.3782578101930392,4.38,-5.43,2.87,347.672,144.88123
0.3773724229345065,4.34,-5.20,2.68,347.48157,145.8092
0.37821601259531407,4.29,-4.94,2.46,348.78583,145.81421
0.3771993158265971,4.22,-4.61,2.26,347.89838,145.28198
0.3771993158265971,4.17,-4.34,2.00,347.6695,146.2721
0.3782578101930392,4.12,-4.10,2.04,347.28317,145.72424
0.3781767523811846,3.94,-3.96,1.89,346.0385,145.01794
0.3778763246276473,3.20,-2.79,1.38,348.52036,148.50854
0.3805055865503245,2.31,-2.07,1.32,359.68036,149.26819
0.37354104505247704,1.13,-1.78,1.47,345.9922,145.09912
0.37451672673615405,0.84,-2.27,1.15,342.8648,143.85327
0.3735045324532974,0.85,-2.39,1.00,342.30725,146.68701
0.37466457375814116,0.89,-2.18,0.92,342.6617,147.07288
0.3757139017989572,0.90,-1.85,0.78,342.65747,145.59778
0.37437137162500794,0.81,-1.70,0.65,343.65506,146.71313
0.37451672673615405,0.55,-1.56,0.50,342.16382,147.73218
0.3733595699872173,0.07,-1.15,0.34,342.40747,147.5357
0.3732536220426301,-0.54,0.27,0.30,343.2174,147.66376
0.37186972551807335,-0.88,-0.09,0.30,347.07422,144.75885
0.37389073050505695,-1.52,0.17,0.38,345.95358,146.43182
0.36917755087852555,-1.85,0.16,0.38,344.72015,143.93689
0.371194918300334,-2.17,0.56,0.39,344.56122,145.37463
0.3730919144370907,-2.40,0.72,0.54,344.1217,144.88965
0.37410028822507674,-2.67,0.85,0.63,342.91772,145.66223
0.3738665031315704,-2.97,1.24,0.56,343.0321,146.3341
0.3738665031315704,-3.19,1.39,0.42,343.40842,146.0282
0.3737533884187246,-3.51,1.57,0.39,345.79355,147.3263
0.37371658110487155,-3.70,1.65,0.51,344.94974,148.3424
0.37371658110487155,-4.10,1.94,0.29,344.3901,148.44788
0.3746499043791533,-4.21,2.15,0.33,343.00842,146.90466
0.3745415397849268,-4.29,2.47,0.22,343.5842,146.59106
0.3745415397849268,-4.43,2.83,0.17,344.53815,147.33899
0.37450462141082264,-4.48,3.22,0.11,344.7054,147.05658
0.3745415397849268,-4.40,3.19,0.02,343.75165,147.612
0.3745415397849268,-4.58,3.49,0.00,343.6159,147.94446
0.37439878050634945,-5.13,3.77,0.13,343.19232,147.59021
0.37429547109533184,-5.42,3.99,0.17,342.41824,146.58557
0.37419469346518935,-5.69,4.06,0.16,342.68237,147.88245
0.3741333897267629,-5.92,4.41,0.14,340.0572,148.63208
0.37409644951570936,-6.01,4.68,0.07,341.53757,149.82397
0.37400073980839493,-6.14,4.95,0.01,341.6502,150.85236
0.37400073980839493,-6.18,5.23,-0.03,340.62897,150.76819
0.37513914147169547,-6.18,5.21,-0.12,340.21533,151.22656
0.3740376853288532,-6.40,5.79,-0.09,340.2951,151.18762
0.3739075661867254,-6.66,6.17,-0.06,339.24414,150.64331
0.3738169298949073,-6.87,6.30,-0.11,337.9112,149.5409
0.3748588858696324,-7.20,6.67,0.09,338.30255,149.6958
0.3770756720398462,-7.46,6.85,-0.00,339.61264,134.95435
0.3761152792272133,-7.78,7.01,0.15,337.74268,136.39258
0.3739663482193345,-7.11,7.35,-1.42,338.14838,153.32544
0.37394451675212986,-6.74,7.58,-1.30,339.59534,153.02057
0.37400073980839493,-6.68,7.71,-1.29,338.34186,151.56274
0.37500613509459463,-6.54,7.79,-1.32,339.32697,151.96814
0.3740376853288532,-6.26,7.73,-1.67,340.1756,151.53351
0.37481017601261196,-5.68,7.08,-2.01,339.79892,142.46515
0.37550441667508033,-4.13,6.54,-2.65,359.07922,154.35938
0.37580855266073676,-4.03,6.72,-2.57,359.78232,156.10754
0.37580855266073676,-3.94,6.46,-2.32,358.7542,155.82965
0.3757538619645511,-3.75,6.25,-2.22,358.90872,156.44849
0.37481994126397083,-3.29,6.04,-2.11,355.6966,156.6842
0.3759942672927931,-2.51,5.39,-1.96,363.4721,153.65833
0.3657982053057422,-2.40,5.39,-1.91,268.7434,141.77734
0.37292931295172,-1.54,4.96,-1.54,356.96213,154.63965
0.37508379470854636,-0.67,4.56,-1.06,357.64392,155.2287
0.37301260204262443,0.03,4.37,-0.57,356.6388,155.29663
0.3720898258149084,0.40,4.08,-0.31,356.77795,153.26056
0.36990758685921005,0.81,3.72,-0.16,349.27667,155.49524
0.37004396782967197,0.80,3.84,-0.21,348.67755,154.69751
0.3680579058836823,0.93,3.67,-0.92,350.1432,152.36963
0.0,1.76,2.94,-2.16,361.4336,153.0246
0.0,1.93,2.96,-2.63,355.55066,137.47162
0.3664807574113035,2.30,2.93,-2.69,358.65005,138.36609
0.0,2.66,2.72,-2.86,368.8133,155.14832
0.0,2.77,2.52,-3.13,370.19043,153.41968
0.0,3.25,2.13,-2.84,372.0954,152.95374
0.0,3.45,1.81,-2.65,360.29105,136.21179
0.36559468404299234,3.43,1.41,-2.29,360.8858,136.58527
0.3696667947735765,3.06,0.88,-0.85,369.8056,151.89581
0.3703151768065849,2.52,0.11,0.29,368.24982,152.20251
0.3723443045997077,1.57,-0.35,1.25,364.48175,151.22137
0.37523525192382073,0.74,-0.56,1.86,364.8857,151.39105
0.37137225957434217,0.60,-2.40,2.16,348.31226,150.04883
0.3710550037127691,0.57,-2.06,1.89,348.83624,154.43237
0.37119423334743906,0.69,-1.89,1.75,348.54736,153.34955
0.37119423334743906,0.66,-1.57,1.52,347.65918,153.05103
0.37133593670598036,0.69,-1.37,1.33,349.07556,151.59106
0.37119423334743906,0.70,-1.15,1.13,348.2961,153.01617
0.37116041459515614,0.71,-1.01,0.99,347.15234,153.5423
0.37119423334743906,0.71,-0.77,0.86,347.5985,154.3252
0.37119423334743906,0.69,-0.79,0.72,347.6925,153.91681
0.0,0.75,-1.85,0.64,347.54224,153.94794
0.0,0.76,-1.95,0.55,347.96667,156.35559
0.3694220735682107,0.79,-2.64,0.49,349.38177,157.30603
0.3727889098680515,0.82,-2.94,0.45,348.60492,159.81226
0.3727889098680515,0.84,-2.76,0.39,349.13837,162.77246
0.3729409092760916,0.84,-2.42,0.33,348.33542,162.0011
0.3729070342321361,0.85,-2.24,0.26,349.09048,162.39844
0.3729070342321361,0.86,-2.21,0.21,349.45557,162.64783
0.3729070342321361,0.87,-2.13,0.18,349.44702,162.8595
0.35976635604765084,0.89,-2.47,0.16,348.94974,163.3263
0.3607797688629942,0.90,-2.32,0.12,351.76782,162.40234
0.37018621954743014,0.96,-2.69,0.14,349.48013,136.26477
0.3700668541169299,0.96,-2.37,0.11,349.38367,134.49658
0.3700668541169299,0.97,-2.70,0.07,350.153,134.9779
0.36994997620683134,1.00,-3.01,0.06,350.2647,134.12164
0.37022511985070633,1.01,-2.83,0.04,350.11005,137.63293
0.37010576036752685,1.05,-2.89,0.02,350.05826,134.54547
0.3760779243739207,1.02,0.08,-0.11,362.2254,169.86218
0.37018621954743014,0.97,1.42,-0.13,350.11426,136.21014
0.37018621954743014,0.96,1.70,-0.15,349.97934,135.19751
0.3710752274488587,0.92,2.26,-0.15,349.77618,133.62866
0.0,0.89,2.75,-0.16,351.6671,163.41003
0.3748149101637584,0.89,2.77,-0.15,351.2597,161.1814
0.3729070342321361,0.86,3.07,-0.17,349.04736,162.68542
0.37275502806497063,0.86,3.12,-0.16,348.50885,161.44873
0.3705804617593655,0.83,3.23,-0.17,347.4221,158.52594
0.0,0.84,2.89,-0.16,346.61072,157.0661
0.0,0.83,3.00,-0.15,347.72852,157.20947
0.37130212420812186,0.79,3.79,-0.16,347.00012,156.07422
0.371021177032085,0.75,4.02,-0.17,345.84183,153.896
0.3700102330873563,0.73,3.84,-0.18,345.6234,153.19763
0.0,0.69,3.90,-0.19,353.629,150.3133
0.3720898258149084,0.69,3.60,-0.19,354.3258,149.09888
0.37517005056102554,0.67,3.67,-0.20,354.77866,147.85687
0.3721025062153507,0.66,3.78,-0.18,344.76236,146.78687
0.3731136413921119,0.60,4.39,-0.21,344.35895,145.15009
0.37169860867397453,0.59,4.37,-0.19,342.84222,137.19885
0.3715689506218703,0.57,4.11,-0.20,342.31308,134.58643
0.3715689506218703,0.56,3.94,-0.20,342.73462,133.8454
0.371441781432376,0.55,3.97,-0.20,342.86813,134.09375
0.371441781432376,0.53,3.84,-0.20,342.7215,132.28992
0.371441781432376,0.53,3.59,-0.19,343.3072,131.05951
0.371441781432376,0.52,3.35,-0.19,342.50757,130.8468
0.37204698053535573,0.52,3.05,-0.18,344.93738,125.57178
0.37305522481636555,0.51,2.90,-0.18,344.64926,125.28784
0.37305522481636555,0.49,2.95,-0.19,344.30576,124.437744
0.37204698053535573,0.50,2.63,-0.17,344.12762,124.03021
0.37305522481636555,0.49,2.33,-0.19,344.68298,124.45068
0.37305522481636555,0.47,1.99,-0.19,343.90515,124.15674
0.37204698053535573,0.44,1.71,-0.22,344.56277,124.36682
0.37204698053535573,0.46,0.76,-0.19,344.19482,124.41687
0.37103873625434597,0.48,0.42,-0.18,344.84088,125.43152
0.371441781432376,0.55,-0.58,-0.12,342.88745,131.5794
0.3715689506218703,0.59,-1.24,-0.10,342.6488,134.57886
0.37169860867397453,0.58,-1.66,-0.12,342.4571,137.47278
0.37082032864269143,0.58,-1.88,-0.12,344.50464,139.36615
0.3710913414924299,0.58,-2.03,-0.13,346.2458,144.49298
0.37008020631566874,0.64,-2.50,-0.09,345.28754,146.31763
0.3731475666630431,0.65,-2.73,-0.09,355.12207,147.81879
0.3700238374001315,0.69,-3.12,-0.07,353.91614,149.94128
0.371078695207304,0.73,-3.55,-0.04,355.374,151.08649
0.3710550037127691,0.75,-3.78,-0.05,347.38705,154.52588
0.3722056785262289,0.73,-3.76,-0.07,348.82666,156.68298
0.3722056785262289,0.72,-3.94,-0.11,347.98175,156.2699
0.3681264149297773,0.80,-5.00,-0.06,348.73715,159.33264
0.3706141682899118,0.84,-4.40,-0.02,349.4461,163.95276
0.3715929634873034,0.85,-3.83,-0.04,348.90543,163.85876
0.3705804617593655,0.88,-3.41,-0.06,349.01398,162.96423
0.37072918194208293,1.15,-3.45,-0.18,348.79456,163.05542
0.3693867987822069,2.12,-4.14,-0.63,350.4204,135.78217
0.3676583986070206,2.91,-4.32,-1.57,351.74094,131.84326
0.36642320641642895,3.77,-4.47,-1.94,353.6999,144.97296
0.3720146875498912,4.13,-4.35,-2.05,368.03046,165.06622
0.37099548245986796,4.36,-4.26,-2.21,369.33185,165.7085
0.0,4.71,-4.34,-2.30,368.00885,164.18506
0.368385448226551,4.71,-4.32,-2.13,367.86163,159.18872
0.36855426717846357,4.78,-4.37,-1.91,368.00787,160.63843
0.0,4.82,-4.41,-1.78,369.38998,160.32227
0.368385448226551,4.70,-4.44,-1.41,367.60333,159.60706
0.3705904827868291,4.03,-4.57,-0.54,368.5197,160.76495
0.37183961578449903,2.74,-4.35,0.03,369.6693,163.04132
0.3678389698333864,1.78,-3.06,1.28,354.47098,142.44946
0.36853983487045733,0.94,-2.71,1.66,351.40283,135.32983
0.3690585104129324,0.98,-3.36,1.45,350.36148,135.40002
0.0,0.88,-2.91,1.18,351.17358,133.17017
0.36692587095878343,-0.01,-2.25,0.83,351.0181,133.02301
0.0,-1.51,-0.18,0.88,354.92142,168.9367
0.3651033652050435,-2.52,0.10,0.93,356.22583,167.75568
0.36589071965325703,-3.57,0.96,1.09,359.0946,169.0653
0.0,-4.30,1.48,1.16,358.16064,169.99487
0.36519346276919656,-4.76,1.73,1.14,362.77216,164.72241
0.3641178859138966,-5.08,2.13,1.05,364.18292,164.03711
0.0,-5.09,2.42,0.81,366.12134,163.85193
0.0,-5.09,2.58,0.68,362.93292,163.9187
0.3651811859974996,-4.98,2.62,0.47,352.27673,170.39978
0.36530137143081814,-4.63,3.06,0.23,351.94568,171.29541
0.0,-3.76,3.10,-0.12,354.14017,172.18561
0.0,-2.69,2.86,-0.48,349.58038,170.0315
0.36593550871965075,-0.42,1.44,-0.84,350.10312,169.3263
0.36681900114897115,1.06,0.96,-0.63,351.96017,120.95154
0.3678201326292508,0.89,4.10,-0.56,350.70514,131.18176
0.3671601830273822,0.90,3.70,-0.51,352.35718,138.54053
0.3671601830273822,0.96,2.48,-0.45,352.805,137.38788
0.36704179334071185,0.98,1.93,-0.38,352.8713,135.5556
0.36708038168681767,0.98,1.72,-0.36,351.98523,135.80054
0.36674004730052634,0.99,1.53,-0.32,353.04425,135.8584
0.35951060498773774,0.99,1.37,-0.30,354.74164,168.7583
0.3669644669781753,0.98,1.16,-0.28,351.8096,143.5321
0.8017192006433751,0.98,1.09,-0.27,179.3096,129.0733
0.3616810672890805,0.99,0.99,-0.26,356.56146,168.79138
0.8795457042480864,0.98,0.94,-0.25,245.99245,73.99836
0.3669644669781753,0.98,0.82,-0.23,353.51828,142.35901
0.0,0.98,0.74,-0.22,355.11243,168.45648
0.3596548385461353,0.98,0.68,-0.21,354.36386,168.1499
0.36171881625024904,0.99,0.64,-0.20,355.85834,168.69586
0.0,0.99,0.58,-0.20,356.13354,168.90356
0.36171881625024904,0.99,0.53,-0.19,355.1126,168.60449
0.36692587095878343,0.99,0.48,-0.18,353.61905,140.2622
0.3607055808433468,0.99,0.44,-0.19,354.12622,168.35803
0.3606679379014055,0.99,0.39,-0.17,355.68665,168.64484
0.36171881625024904,0.99,0.36,-0.16,354.90753,168.52148
0.3607055808433468,0.98,0.33,-0.16,354.22202,169.30554
0.0,0.99,0.31,-0.16,355.33008,168.77344
0.0,0.99,0.28,-0.16,355.23117,169.10754
0.0,0.99,0.25,-0.15,354.98352,169.01636
0.36171881625024904,0.99,0.24,-0.15,354.9661,168.34363
0.3669644669781753,0.99,0.23,-0.15,353.21942,142.25574
0.0,0.99,0.22,-0.15,354.87994,168.68231
0.3616810672890805,0.99,0.21,-0.15,355.28845,168.95782
0.3668124189991096,0.99,0.20,-0.15,353.59424,140.3341
0.36171881625024904,0.99,0.20,-0.15,354.65814,168.76477
0.36171881625024904,0.99,0.18,-0.15,354.9036,168.59698
0.3606679379014055,0.99,0.18,-0.15,355.5395,168.85565
0.3596548385461353,0.99,0.17,-0.14,355.97003,169.1109
0.3669644669781753,0.99,0.16,-0.14,353.86237,142.88599
0.0,0.99,0.16,-0.14,355.37674,168.44794
0.0,0.99,0.15,-0.15,355.9406,168.79126
0.0,0.99,0.13,-0.15,355.28528,168.5589
0.3606679379014055,0.99,0.13,-0.15,355.78455,168.73218
0.3596923760477396,0.98,0.13,-0.15,355.10153,169.07666
0.3616810672890805,0.99,0.13,-0.15,355.55713,168.71198
0.0,0.98,0.13,-0.15,355.4402,168.59448
0.3616810672890805,0.98,0.13,-0.15,355.4617,168.4071
0.3616810672890805,0.98,0.13,-0.14,355.23618,168.76819
0.3616810672890805,0.98,0.13,-0.15,355.15402,168.49988
0.3596548385461353,0.98,0.13,-0.15,354.70343,168.69818
0.3616810672890805,0.98,0.13,-0.15,355.37604,168.66724
0.3616810672890805,0.98,0.13,-0.15,355.5792,169.19861
0.35867914122043815,0.98,0.13,-0.15,355.20404,168.66248
0.0,0.98,0.13,-0.14,355.80228,168.40448
0.0,0.98,0.13,-0.13,355.28497,168.93231
0.3616810672890805,0.98,0.13,-0.13,354.92352,168.5456
0.3626941660646965,0.97,0.13,-0.14,355.13358,168.48938
0.3586417091584603,0.97,0.13,-0.14,355.30307,168.47705
0.3626941660646965,0.97,0.13,-0.13,355.31335,168.89447
0.0,0.97,0.13,-0.13,354.6762,169.02893
0.3616810672890805,0.97,0.13,-0.14,355.15024,168.55347
0.0,0.96,0.13,-0.14,355.5304,168.98853
0.36171881625024904,0.96,0.13,-0.14,355.32483,169.02045
0.0,0.95,0.14,-0.14,355.15,168.84692
0.3596548385461353,0.94,0.13,-0.14,355.3802,168.46936
0.0,0.94,0.13,-0.15,354.45508,168.68628
0.0,0.94,0.13,-0.15,355.20892,168.37415
0.3669644669781753,0.93,0.13,-0.14,354.03625,141.4602
0.3626941660646965,0.92,0.12,-0.14,355.38037,168.55774
0.0,0.92,0.12,-0.14,354.43002,168.62195
0.3616810672890805,0.92,0.12,-0.15,355.38385,167.82678
0.3616810672890805,0.91,0.12,-0.15,353.99396,167.18982
0.3607055808433468,0.90,0.12,-0.15,353.50824,167.66516
0.3607055808433468,0.90,0.12,-0.14,354.02832,168.20746
0.36171881625024904,0.90,0.12,-0.14,352.83533,168.00891
0.36171881625024904,0.90,0.13,-0.14,353.66757,167.66345
0.0,0.89,0.13,-0.14,353.78375,168.15198
0.36171881625024904,0.89,0.13,-0.14,352.976,168.06842
0.36171881625024904,0.88,0.12,-0.14,352.64966,167.32056
0.36171881625024904,0.87,0.12,-0.13,352.56033,168.1449
0.36171881625024904,0.87,0.13,-0.12,352.23746,167.68994
0.36171881625024904,0.87,0.13,-0.12,352.4131,167.41602
0.0,0.87,0.13,-0.12,352.83228,168.34076
0.36171881625024904,0.86,0.13,-0.12,352.32697,168.2356
0.36171881625024904,0.87,0.13,-0.12,351.95642,167.57104
0.36689211814155787,0.86,0.14,-0.12,350.14386,139.57098
0.0,0.85,0.46,-0.12,352.42886,168.19885
0.36712146410803426,0.84,0.83,-0.11,350.1953,141.52576
0.0,0.83,0.98,-0.11,352.49457,165.2113
0.3671987659361232,0.82,1.13,-0.11,350.58682,137.89197
0.36731961515762634,0.81,1.20,-0.12,351.26196,138.40198
0.36580662030889466,0.80,1.20,-0.12,349.45337,143.87964
0.36611471893850167,0.79,1.27,-0.12,349.3912,145.7561
0.36681712282171036,0.79,1.27,-0.12,350.44464,138.79065
0.36694991795674214,0.77,1.20,-0.14,351.17426,137.86694
0.3656250321736899,0.75,1.18,-0.16,349.8507,146.03363
0.3649071399871144,0.76,1.11,-0.15,350.57562,147.10583
0.0,0.75,1.10,-0.14,351.1181,169.01031
0.36503914212574873,0.74,0.94,-0.15,348.44785,156.52277
0.0,0.73,0.83,-0.15,355.37103,173.1239
0.0,0.73,0.75,-0.15,355.74634,172.93024
0.0,0.73,0.67,-0.14,351.76645,170.90295
0.0,0.73,0.60,-0.15,357.76755,172.56946
0.0,0.72,0.55,-0.14,356.8344,172.84467
0.0,0.71,0.51,-0.14,357.4681,172.96289
0.0,0.71,0.48,-0.14,356.5189,172.71521
0.0,0.71,0.43,-0.14,358.216,172.68555
0.0,0.71,0.39,-0.15,353.0967,170.97144
0.0,0.71,0.36,-0.15,358.22498,172.83942
0.0,0.70,0.33,-0.14,357.2059,172.79688
0.0,0.69,0.30,-0.14,356.6374,172.81433
0.0,0.69,0.27,-0.14,357.45117,173.03998
0.0,0.69,0.25,-0.14,357.00134,173.21277
0.0,0.68,0.23,-0.14,357.00916,173.0224
0.0,0.68,0.22,-0.13,356.84045,173.03137
0.0,0.68,0.05,-0.13,356.4643,173.17029
0.0,0.71,-0.94,-0.11,352.58392,171.5321
0.0,0.72,-1.00,-0.10,351.08496,171.72491
0.0,0.69,-0.87,-0.13,349.7885,171.67871
0.0,0.71,-0.73,-0.10,350.59204,171.5083
0.0,0.71,-0.62,-0.11,349.24652,171.85327
0.0,0.69,-0.54,-0.12,349.23163,171.54443
0.0,0.70,-0.47,-0.10,350.5749,171.61646
0.0,0.74,-1.57,-0.07,350.2351,171.63629
0.37099345177031606,0.74,-1.76,-0.08,348.34802,134.27075
0.3701189481946577,0.71,-1.55,-0.10,348.7931,139.7721
0.37060276448712665,0.71,-1.20,-0.11,347.98523,164.65637
0.37040366404555053,0.70,-1.05,-0.10,348.43054,165.0155
0.37018724400043407,0.69,-0.98,-0.11,339.36115,116.86597
0.0,0.70,-0.94,-0.10,347.94727,164.87445
0.0,0.69,-0.84,-0.11,348.2732,166.22559
0.3674312756572417,0.67,-0.73,-0.13,347.3745,162.27466
0.3683005023720399,0.65,-0.63,-0.14,348.0923,162.50024
0.3674312756572417,0.66,-0.55,-0.14,347.86298,162.6767
0.3683005023720399,0.66,-0.47,-0.13,347.81143,162.15833
0.36540688715903624,0.66,-0.38,-0.11,348.0786,163.02136
0.36641908140813895,0.64,-0.31,-0.13,347.5857,164.2201
0.0,0.64,-0.27,-0.14,348.63324,163.7771
0.3684435005383397,0.64,-0.22,-0.14,348.23874,163.36401
0.3684099711956826,0.63,-0.17,-0.14,348.6384,162.95825
0.3684435005383397,0.63,-0.13,-0.13,348.4037,164.40393
0.3684435005383397,0.63,-0.10,-0.14,350.0019,165.30652
0.0,0.62,-0.07,-0.13,350.1338,164.27075
0.36540688715903624,0.62,-0.04,-0.13,350.26648,165.6029
0.36641908140813895,0.61,-0.01,-0.13,349.49127,163.54321
0.3674312756572417,0.60,0.01,-0.13,349.59528,164.37378
0.36641908140813895,0.59,0.03,-0.14,349.71582,164.60461
0.3684435005383397,0.59,0.04,-0.14,349.5465,164.64502
0.3684099711956826,0.59,0.05,-0.14,350.56378,163.75574
0.3684435005383397,0.59,0.06,-0.15,349.4701,164.28369
0.3663857369110299,0.58,0.08,-0.15,350.32004,164.38019
0.36739783875405874,0.57,0.08,-0.15,350.2596,164.88922
0.36641908140813895,0.57,0.09,-0.15,350.18494,164.02539
0.3674312756572417,0.57,0.11,-0.14,349.55408,164.69226
0.3683005023720399,0.56,0.11,-0.15,349.76825,163.31238
0.36826696608718207,0.56,0.11,-0.15,350.84088,162.11841
0.36823592006112327,0.55,0.12,-0.15,350.5149,160.61578
0.3684435005383397,0.55,0.13,-0.15,347.13354,162.67749
0.3684435005383397,0.54,0.12,-0.15,347.8806,162.91284
0.3684099711956826,0.54,0.13,-0.15,350.56512,163.30493
0.36826696608718207,0.55,0.13,-0.15,351.2541,163.49377
0.3684099711956826,0.53,0.13,-0.15,349.99353,163.82825
0.36739783875405874,0.53,0.12,-0.15,349.3,163.63934
0.3684099711956826,0.53,0.02,-0.14,349.87595,163.76477
0.3672552268708368,0.52,-0.09,-0.14,351.07562,164.36224
0.3694220735682107,0.53,-0.10,-0.13,351.03986,166.7312
0.37025919831248233,0.54,0.12,-0.11,345.40088,170.21637
0.0,0.50,0.09,-0.13,358.26404,166.24738
0.0,0.51,0.06,-0.13,365.95685,167.0575
0.3759942672927931,0.49,0.10,-0.15,368.67053,167.65271
0.37883411175047266,0.48,0.18,-0.15,370.58044,167.45117
0.3787802353395518,0.48,0.13,-0.15,373.12354,168.42224
0.3787122485538139,0.47,0.13,-0.15,370.62872,168.27197
0.37972213519955145,0.48,0.13,-0.15,370.7777,167.83258
0.3787122485538139,0.47,0.13,-0.15,369.9595,168.44739
0.3786609249759141,0.44,0.21,-0.17,372.32574,167.65588
0.37868786787512676,0.47,0.15,-0.15,375.70892,167.25073
0.0,0.45,0.37,-0.15,358.2392,162.0351
0.36957385235370355,0.45,0.35,-0.15,358.26215,158.4928
0.3692460143989964,0.45,0.34,-0.15,351.54745,160.38855
0.3692460143989964,0.45,0.32,-0.15,351.92517,160.46216
0.37047871592283466,0.46,0.34,-0.15,357.79785,157.69214
0.36826619037279645,0.47,0.33,-0.14,350.7754,160.6753
0.37018802931706285,0.47,0.32,-0.14,358.9895,161.15063
0.0,0.47,0.32,-0.15,346.80853,159.67151
0.36826619037279645,0.47,0.31,-0.14,348.276,159.70776
0.0,0.47,0.31,-0.15,346.25436,159.49329
0.0,0.47,0.29,-0.15,346.46088,160.21344
0.0,0.48,0.29,-0.15,346.8365,160.41724
0.0,0.47,0.29,-0.15,347.50317,160.51343
0.36731991808276915,0.47,0.28,-0.15,347.11502,159.92297
0.0,0.47,0.27,-0.15,346.9473,159.89337
0.0,0.47,0.27,-0.14,346.63998,160.31244
0.0,0.47,0.27,-0.13,347.35794,160.34271
0.36728869748100557,0.46,0.26,-0.14,347.3495,160.17175
0.36829498488067897,0.47,0.25,-0.13,347.61945,160.39941
0.0,0.46,0.25,-0.14,348.12143,161.48193
0.0,0.46,0.25,-0.14,347.813,160.23743
0.36731991808276915,0.46,0.25,-0.14,347.10114,160.22461
0.3693012422360524,0.46,0.25,-0.14,347.57465,160.0138
0.367218547510527,0.46,0.25,-0.15,347.95224,159.73145
0.0,0.46,0.24,-0.14,346.85544,160.21368
0.0,0.45,0.24,-0.14,347.29535,161.22522
0.3683262909073056,0.45,0.24,-0.15,346.28787,160.56909
0.37008580358816984,0.46,0.23,-0.14,355.7989,156.8601
0.0,0.46,0.24,-0.14,343.66052,159.25146
0.3683262909073056,0.46,0.24,-0.14,345.45856,159.53278
0.36731991808276915,0.46,0.24,-0.13,346.64474,159.47754
0.0,0.46,0.25,-0.14,350.14496,159.55615
0.36823990733333206,0.46,0.25,-0.14,350.95795,159.36285
0.36922217897355547,0.46,0.25,-0.13,354.08423,159.2677
0.36829498488067897,0.46,0.43,-0.12,347.8983,159.39642
0.3704122419577804,0.47,0.62,-0.12,348.04538,159.69983
0.0,0.46,0.80,-0.13,350.05536,164.06067
0.0,0.43,1.02,-0.16,347.9308,162.56348
0.0,0.43,1.06,-0.15,350.635,162.88684
0.0,0.43,1.13,-0.15,350.96152,162.68896
0.37484226058740244,0.43,1.08,-0.15,350.0706,162.40308
0.0,0.41,1.04,-0.16,351.94943,162.12085
0.0,0.42,1.04,-0.15,350.02307,162.30994
0.0,0.42,1.00,-0.15,347.97098,163.39124
0.0,0.41,0.98,-0.16,348.62354,162.88171
0.37305508041252916,0.41,0.99,-0.15,349.58514,163.4563
0.3756825299258472,0.42,0.86,-0.14,370.5238,162.60004
0.0,0.41,0.83,-0.16,370.27344,163.72522
0.37584923422757155,0.41,0.70,-0.16,378.40677,162.01892
0.37584923422757155,0.41,0.60,-0.16,377.72858,162.0321
0.37584923422757155,0.41,0.43,-0.15,378.11615,161.41248
0.37584923422757155,0.42,0.32,-0.15,378.40268,161.85217
0.37584923422757155,0.42,0.22,-0.14,379.789,162.41931
0.37565834379127466,0.42,0.13,-0.14,376.3885,162.35645
0.0,0.43,0.06,-0.14,368.26263,163.22876
0.37454572924094703,0.43,0.00,-0.14,368.03284,162.99567
0.3757385300069708,0.43,-0.08,-0.13,371.29916,163.79614
0.0,0.43,-0.12,-0.13,362.463,161.30438
0.37448607792071564,0.43,-0.17,-0.13,366.40228,160.89648
0.0,0.43,-0.20,-0.13,366.96313,160.68896
0.3744289656733947,0.43,-0.24,-0.13,365.1474,159.99792
0.0,0.44,-0.27,-0.13,365.9255,160.14258
0.0,0.44,-0.31,-0.12,370.12393,161.28412
0.3744289656733947,0.45,-0.33,-0.12,366.0273,160.87817
0.3744289656733947,0.45,-0.34,-0.11,365.67206,160.40259
0.3744289656733947,0.45,-0.37,-0.11,364.90656,160.02032
0.37448607792071564,0.46,-0.39,-0.11,366.6372,160.4978
0.0,0.46,-0.40,-0.11,366.18326,160.12329
0.37454572924094703,0.45,-0.41,-0.13,366.17932,161.9253
0.0,0.46,-0.42,-0.11,366.0168,163.74567
0.0,0.46,-0.43,-0.12,360.75684,163.26135
0.0,0.46,-0.43,-0.12,369.91248,164.1123
0.37437439096534914,0.46,-0.44,-0.13,362.04474,160.2334
0.7933088609866161,0.47,-0.44,-0.12,202.77423,167.52545
0.0,0.47,-0.45,-0.13,367.82593,160.98914
0.3744289656733947,0.47,-0.46,-0.13,364.54114,160.24817
0.37448607792071564,0.48,-0.47,-0.13,367.88602,161.22266
0.0,0.48,-0.48,-0.13,364.2071,163.64185
0.0,0.48,-0.48,-0.13,365.3682,162.172
0.3757385300069708,0.48,-0.48,-0.13,368.92517,163.59283
0.0,0.48,-0.48,-0.13,366.75372,162.22559
0.3759268546950952,0.48,-0.49,-0.13,380.6892,162.3175
0.37584923422757155,0.47,-0.49,-0.13,378.1501,161.88092
0.0,0.45,-0.12,-0.15,381.6357,162.9347
0.0,0.43,0.09,-0.16,351.22443,162.41199
0.37007426186175896,0.43,0.45,-0.15,352.72925,161.28522
0.36787871543037215,0.40,1.17,-0.16,356.2254,158.26941
0.36353574856148657,0.40,0.95,-0.16,354.35278,154.1582
0.36898683414856165,0.41,0.78,-0.14,361.18552,157.89209
0.36353574856148657,0.43,0.60,-0.13,355.96976,154.24231
0.36898683414856165,0.44,0.48,-0.12,359.67084,157.62402
0.36465067738490503,0.44,0.35,-0.12,355.01462,154.17303
0.3645786799889816,0.44,0.25,-0.12,354.59973,154.61285
0.36454275959451254,0.44,0.15,-0.13,355.97003,154.90784
0.36454275959451254,0.45,0.06,-0.13,356.4011,154.8537
0.36454275959451254,0.45,0.01,-0.13,356.1225,154.88599
0.36353574856148657,0.45,-0.04,-0.12,356.5706,154.88037
0.36353574856148657,0.45,-0.11,-0.12,356.20844,154.8573
0.36353574856148657,0.45,-0.16,-0.12,355.61188,154.87018
0.36353574856148657,0.45,-0.20,-0.13,355.89767,155.13507
0.36353574856148657,0.45,-0.23,-0.13,356.74976,154.79492
0.36465067738490503,0.45,-0.27,-0.13,355.8446,155.11841
0.36353574856148657,0.46,-0.29,-0.13,356.0708,154.7602
0.36353574856148657,0.46,-0.31,-0.13,357.04962,155.07922
0.36454275959451254,0.46,-0.34,-0.13,356.25797,154.94116
0.36353574856148657,0.46,-0.36,-0.13,356.11676,154.6134
0.36465067738490503,0.47,-0.38,-0.13,356.10098,155.5459
0.36454275959451254,0.47,-0.39,-0.13,356.2085,154.8761
0.36353574856148657,0.48,-0.41,-0.13,356.11963,155.37823
0.36353574856148657,0.48,-0.42,-0.13,357.06897,154.50787
0.36353574856148657,0.48,-0.43,-0.13,356.0827,155.08923
0.36454275959451254,0.48,-0.44,-0.13,356.25037,154.73346
0.36454275959451254,0.48,-0.45,-0.13,356.77704,155.01758
0.36454275959451254,0.48,-0.45,-0.13,356.09015,154.83588
0.36353574856148657,0.48,-0.47,-0.13,355.89078,154.24792
0.5153536493876719,0.49,-0.48,-0.13,271.5415,164.46275
0.36454275959451254,0.49,-0.48,-0.13,356.67413,155.7229
0.36682474894739675,0.50,-0.49,-0.14,357.092,158.54773
0.36687084137062603,0.50,-0.50,-0.14,360.91284,157.55835
0.36687084137062603,0.50,-0.50,-0.14,360.83887,157.31628
0.36687084137062603,0.50,-0.51,-0.14,359.60376,156.36145
0.36698179398321873,0.50,-0.51,-0.14,359.78522,157.72803
0.36698179398321873,0.50,-0.51,-0.14,359.51248,156.72943
0.36682474894739675,0.51,-0.50,-0.13,359.08484,156.19556
0.3679899726539151,0.51,-0.51,-0.13,359.31555,157.27185
0.3669357096211995,0.50,-0.52,-0.15,359.29535,157.57666
0.36682474894739675,0.54,-0.50,-0.11,358.1639,157.11407
0.36687084137062603,0.50,0.22,-0.12,358.89636,156.5592
0.3623214065226997,0.48,0.74,-0.16,354.44037,149.81665
0.0,0.45,1.58,-0.17,353.62225,148.57971
0.3631298194817394,0.51,2.25,-0.22,352.8507,144.92035
0.3633425592419895,0.76,1.95,-0.36,356.49677,146.06982
0.36545630406280843,0.61,2.69,-0.25,356.36176,145.0451
0.36421007408457856,0.70,2.55,-0.28,354.1194,142.5617
0.3643081313149043,1.14,1.99,-0.51,355.4041,142.54065
0.3655185622279409,1.54,1.78,-0.52,354.74042,142.64056
0.36652551762284946,1.80,1.55,-0.57,355.04547,141.3324
0.36537677283787034,2.26,1.22,-0.63,353.29602,138.90906
0.3635715694283498,2.68,0.77,-0.82,353.00513,138.75812
0.36573250284532793,3.04,0.30,-1.10,353.91223,139.14667
0.36378924900808585,3.55,-0.37,-1.05,355.47607,142.6828
0.3639400437083213,3.78,-0.58,-1.03,355.5777,142.05505
0.3630083592688592,4.12,-0.95,-1.20,356.38422,141.89679
0.363283127665315,4.45,-1.37,-1.45,358.02664,146.02234
0.3657780063085053,4.74,-1.68,-1.44,363.95486,151.06134
0.0,5.12,-2.15,-1.49,365.77435,151.62396
0.365003298898632,5.47,-2.56,-1.51,369.73303,156.90259
0.36614429284718664,5.84,-2.67,-1.44,371.07477,158.37732
0.36486999084709304,6.33,-2.98,-1.55,371.22797,156.45447
0.366005698145449,6.74,-3.43,-1.81,371.16553,156.70166
0.0,7.00,-3.96,-1.98,370.02924,156.1643
0.0,7.11,-4.23,-1.69,372.04706,157.54529
0.36525127802685875,7.37,-4.68,-1.52,371.04382,157.23816
0.0,7.71,-4.86,-1.70,372.6093,158.19568
0.0,8.03,-5.10,-1.83,370.9654,156.81549
0.0,8.29,-5.20,-1.89,371.22876,156.60779
0.0,8.49,-5.31,-2.10,371.32925,156.27832
0.0,8.87,-5.74,-2.36,370.8014,155.74982
0.36210857819196696,9.27,-6.28,-2.27,372.198,155.26251
0.3639706268272222,9.68,-6.66,-2.24,373.44647,157.9607
0.36208545555784005,9.93,-6.82,-2.51,373.16864,159.8645
0.35941938402671153,10.18,-7.20,-2.69,374.03467,157.67249
0.3595702329893774,10.45,-7.62,-2.43,373.789,159.33203
0.35869283770687954,11.02,-8.50,-2.07,371.76382,153.6565
0.36008159235476994,11.55,-9.28,-2.04,371.45532,155.56207
0.0,11.90,-9.45,-2.14,371.6942,157.37476
0.0,12.50,-10.02,-2.21,370.23425,144.48108
0.0,12.97,-10.70,-2.22,376.50018,165.74341
0.3608840641453039,13.27,-11.05,-2.29,374.96872,166.06616
0.3602739047513335,13.65,-11.28,-2.30,375.4737,168.20264
0.36062410306957876,14.37,-12.10,-2.38,376.27637,169.99866
0.36098367439132023,14.73,-12.54,-2.33,377.8551,172.44824
0.3611669678102626,14.89,-12.67,-1.95,378.63953,173.75128
0.36212156895333536,15.06,-13.10,-1.72,374.55713,172.80347
0.36237624762404125,15.27,-13.59,-1.75,375.841,173.22192
0.36230774632479645,15.42,-13.64,-1.76,375.63455,173.84155
0.3615405649293921,15.83,-13.74,-2.15,376.2672,174.07532
0.3593755718873866,16.62,-14.59,-2.53,375.0841,174.12463
0.3598242821446425,16.94,-14.94,-2.47,373.47015,175.8736
0.36077659761631264,16.99,-15.06,-2.16,374.00513,176.13806
0.3608494391221461,17.25,-15.46,-2.02,369.99966,175.83508
0.3608982232518079,17.75,-15.73,-2.32,372.70508,177.32611
0.3600667742546158,18.16,-16.09,-2.57,374.76697,177.51367
0.35950442818695905,18.54,-16.38,-2.62,372.74762,179.10309
0.36102599846736877,18.85,-16.67,-2.83,366.71655,153.70337
0.36102599846736877,18.91,-17.07,-2.62,367.94394,153.77966
0.3632338749542212,18.63,-17.67,-1.93,366.77444,152.54022
0.3627172364727096,18.02,-18.16,-1.48,374.08664,179.74011
0.3633420949139459,17.37,-18.67,-1.14,371.04315,179.4143
0.36294875383531405,16.44,-18.89,-0.87,372.99234,178.15234
0.3646131380817069,14.88,-18.95,-0.27,372.68353,176.44556
0.0,13.45,-18.89,0.49,373.96857,175.25262
0.36577698540776166,12.22,-18.76,1.00,373.41388,173.31335
0.0,10.66,-18.42,1.59,368.8181,169.2489
0.0,9.40,-17.78,1.89,369.4313,167.7821
0.3667763645981315,8.66,-17.42,2.15,370.3269,167.1117
0.3666200994010733,7.47,-16.45,2.17,370.3195,165.33221
0.0,6.76,-15.68,2.19,372.91858,164.36023
0.3667464816147067,5.67,-14.60,2.58,373.9203,164.5719
0.0,4.59,-13.26,2.83,370.07947,163.8634
0.3658312174608777,3.58,-11.98,2.59,366.28436,162.43591
0.36659348261105373,2.84,-10.80,2.94,366.91757,160.25812
0.36732946947157763,1.84,-8.97,2.80,359.42957,155.94922
0.0,1.00,-8.38,2.69,355.41483,146.98218
0.36235713908979156,0.54,-8.09,2.89,354.32495,146.16516
0.36534074249916637,0.58,-7.61,2.51,353.98502,149.30286
0.36433430704413716,0.64,-6.78,2.23,353.73267,150.1175
0.36433430704413716,0.57,-6.05,1.90,353.4807,150.281
0.0,-0.57,-0.98,1.33,354.58575,148.71582
0.3625646300225644,-0.56,-2.64,1.24,362.00232,139.58167
0.3653341211105599,-1.68,-2.42,1.81,354.213,145.92139
0.3631874899668305,-3.00,-2.18,1.88,351.33075,145.82233
0.36519405466295085,-4.31,-1.39,1.99,351.6313,147.58215
0.0,-6.13,-0.68,1.64,349.8716,145.71844
0.36546282247882145,-7.19,-0.49,2.40,351.12747,147.97998
0.36536373052037024,-8.61,0.47,1.84,346.42203,148.61761
0.36630777805538084,-9.17,0.03,1.60,344.81256,148.29681
0.36725466485726616,-11.39,3.00,1.70,341.43967,157.0244
0.3642312420348267,-11.02,7.87,-0.77,340.6861,156.20563
0.3642312420348267,-10.56,8.15,-1.21,341.48254,156.66783
0.0,-4.66,8.39,-3.22,360.78278,158.08862
0.36529756667520974,-1.38,6.47,-2.58,360.8277,153.6745
0.36225244368137055,0.48,6.62,-1.63,353.32208,141.29382
0.3628360731327324,0.49,6.31,-1.44,363.46637,151.10303
0.0,0.58,5.52,-1.25,363.28278,151.49078
0.3648087901217679,0.53,4.71,-1.13,364.54327,151.85406
0.36380382024398505,0.52,4.11,-1.03,364.29474,151.83655
0.3627530644634928,0.56,3.73,-0.92,363.44708,151.44824
0.36388705375946884,0.64,3.17,-0.77,364.28796,151.50269
0.3637977233682586,0.66,2.77,-0.67,360.71082,151.81995
0.3648462191328885,0.62,2.47,-0.67,362.26996,149.6518
0.3626305745716624,0.64,2.11,-0.60,357.4344,149.47833
0.7915926005896502,0.65,1.95,-0.56,211.42665,176.28278
0.3625947031492784,0.64,1.62,-0.50,357.85144,148.96582
0.36167306802140725,0.65,1.35,-0.46,357.2504,149.72784
0.36167306802140725,0.66,1.12,-0.41,357.393,149.61469
0.3626777326471771,0.67,0.93,-0.37,356.7062,149.27502
0.36167306802140725,0.67,0.76,-0.34,357.57452,149.26746
0.3625947031492784,0.67,0.61,-0.33,357.88184,149.18805
0.36159026890225965,0.67,0.47,-0.31,357.51678,148.86206
0.36271359986253315,0.68,0.36,-0.28,357.48413,149.3125
0.362396293653497,0.68,0.25,-0.26,355.78156,142.63745
0.3626777326471771,0.67,0.18,-0.26,357.66876,149.12439
0.36159026890225965,0.68,0.12,-0.24,357.23364,148.98059
0.36159026890225965,0.68,0.02,-0.22,357.1899,148.91565
0.36167306802140725,0.68,-0.05,-0.21,357.8106,149.50592
0.3626777326471771,0.68,-0.10,-0.20,357.7611,149.22266
0.3625947031492784,0.68,-0.15,-0.20,356.97772,148.92249
0.3625947031492784,0.68,-0.19,-0.20,357.48505,148.9347
0.3625947031492784,0.68,-0.24,-0.19,357.60434,148.92322
0.3626777326471771,0.69,-0.28,-0.18,357.456,149.45557
0.3626777326471771,0.69,-0.31,-0.17,357.27878,149.51843
0.3625947031492784,0.69,-0.34,-0.17,357.75317,149.46252
0.36159026890225965,0.69,-0.36,-0.17,357.13025,149.24792
0.36162604073633187,0.69,-0.39,-0.16,357.10266,149.01746
0.3625947031492784,0.69,-0.40,-0.16,357.76025,148.76624
0.36271359986253315,0.69,-0.42,-0.16,356.7016,149.5216
0.36159026890225965,0.69,-0.43,-0.15,357.08203,148.7019
0.36159026890225965,0.69,-0.44,-0.14,356.9601,148.6618
0.36159026890225965,0.69,-0.45,-0.14,357.47864,148.88733
0.36159026890225965,0.69,-0.45,-0.14,357.62213,149.35461
0.3626777326471771,0.69,-0.47,-0.14,357.14008,149.17554
0.3625947031492784,0.70,-0.47,-0.14,357.4843,149.01697
0.36159026890225965,0.70,-0.48,-0.14,357.6179,149.09589
0.36167306802140725,0.70,-0.50,-0.14,357.47894,149.10376
0.36167306802140725,0.70,-0.50,-0.14,356.98035,149.56909
0.3626777326471771,0.71,-0.51,-0.14,357.1944,149.76593
0.36167306802140725,0.71,-0.51,-0.14,357.62143,149.69867
0.36159026890225965,0.71,-0.52,-0.14,356.35504,150.2522
0.5397598180189754,0.71,-0.52,-0.14,182.33313,149.147
0.3647627507601536,0.71,-0.52,-0.13,361.36346,153.0426
0.36485732116877967,0.71,-0.52,-0.14,367.51718,151.74347
0.36586245464792455,0.64,-0.51,-0.20,365.89722,152.67004
0.3648087901217679,0.73,-0.52,-0.12,363.54547,153.54688
0.3627530644634928,0.73,-0.49,-0.12,362.18915,152.88306
0.36267251917362137,0.68,-0.36,-0.17,363.34576,153.03278
0.3637579075681142,0.66,0.70,-0.17,361.8953,152.82092
0.0,0.96,1.35,-0.29,360.627,148.90509
0.36151460241077216,2.04,0.82,-1.06,362.52014,146.70862
0.3590766027629073,2.94,0.58,-1.93,362.28534,148.31592
0.3590337972589335,3.90,0.50,-1.94,360.5711,147.28186
0.35840893826927334,4.57,0.19,-2.33,362.89343,144.72388
0.35779985664849123,5.40,-0.43,-2.79,364.05786,147.28296
0.35705739965024974,5.81,-0.74,-2.88,366.7436,150.26855
0.3572851994681291,6.24,-1.00,-2.68,365.68298,152.14276
0.3574026983733029,6.85,-1.52,-2.49,365.1529,155.56726
0.35946203054602055,7.54,-2.31,-2.57,373.91544,161.98724
0.35346818813750264,7.65,-2.44,-2.58,291.7107,143.17877
0.3607685019083827,8.38,-3.11,-2.54,375.27423,161.80908
0.35330312269157915,8.56,-3.25,-2.59,295.26172,141.16656
0.3590544412459896,9.43,-4.04,-2.88,376.31918,163.09045
0.0,9.68,-4.90,-2.74,378.13736,165.2854
0.0,9.55,-5.56,-2.12,378.08994,165.10913
0.3613310250936071,9.46,-6.01,-1.54,376.92172,164.49127
0.36221592774088274,9.61,-6.42,-1.21,373.88922,164.67126
0.36019237074230054,10.04,-6.89,-1.39,372.38092,163.88696
0.3593722371309753,10.56,-7.31,-1.88,374.52975,165.39642
0.3596353389035455,10.91,-7.60,-1.96,377.34,166.42969
0.35868993483931993,11.39,-8.06,-1.83,376.9895,168.41791
0.3589654107416103,11.96,-8.62,-1.69,376.01944,169.21198
0.3590426996344023,12.47,-9.09,-1.89,374.73892,169.604
0.3581717668286928,13.12,-9.52,-2.15,373.77643,170.5603
0.3583812521289751,13.73,-10.21,-2.14,374.87646,170.99493
0.3585954796254589,14.10,-10.46,-2.05,375.7198,171.10144
0.3567132983337049,14.69,-10.79,-2.69,375.8436,171.7915
0.3562263545742676,15.25,-11.19,-3.28,378.182,170.88916
0.3557596190410671,15.60,-11.79,-3.38,379.3473,172.34369
0.35490475823459255,15.95,-12.54,-3.04,380.32532,172.49268
0.35626149558852405,16.19,-13.26,-2.66,379.69388,174.51318
0.3561914733379592,16.17,-13.56,-2.58,377.2683,174.51959
0.35626149558852405,16.18,-14.00,-2.26,378.88007,174.54236
0.35728231974084623,16.13,-14.31,-2.00,378.50888,174.53308
0.3581325247867791,15.79,-14.91,-1.33,379.0527,174.10406
0.3588451979534125,15.39,-15.33,-0.91,373.66864,173.2771
0.3586787733444321,15.05,-15.56,-0.87,374.9759,172.4414
0.3595331917107612,14.53,-16.08,-0.69,375.08044,171.90424
0.0,14.01,-16.12,-0.24,375.43262,171.23206
0.0,13.92,-16.65,1.09,367.82385,146.25024
0.3640454710008739,13.53,-16.72,1.78,368.6409,170.56763
0.3657603465864048,13.05,-16.75,2.81,369.7658,169.17188
0.3694992494994597,12.38,-16.58,3.89,362.84924,169.08594
0.3734178825525307,11.59,-16.39,4.87,367.1477,168.7196
0.3759873515752331,10.75,-16.02,5.44,362.65045,167.26245
0.3766540558701111,9.78,-15.60,5.73,358.73438,161.57056
0.379354709933865,8.45,-15.19,5.73,358.6436,158.52881
0.37885096531810336,6.76,-12.80,5.29,352.81403,159.90057
0.37488712940448776,5.35,-10.83,3.78,345.0827,148.58545
0.37454682118622085,4.22,-9.78,2.76,345.48837,140.30139
0.0,2.88,-6.88,2.39,345.68945,135.81396
0.36849636679489783,1.60,-8.21,0.92,354.511,133.64124
0.37001925437229316,0.76,-7.59,0.42,366.2103,144.18042
0.365264248696362,-0.00,-7.83,0.15,351.8252,142.48096
0.3652330653308341,-0.09,-7.64,-0.31,350.6846,144.83496
0.3635144517914339,-0.02,-6.96,-0.57,356.86624,145.72925
0.3625102811321955,-0.43,-6.24,0.46,357.55878,146.42834
0.3682746592610782,-1.57,-5.47,2.14,351.1128,145.27026
0.37411855187504856,-2.85,-5.01,3.42,352.61993,143.56885
0.0,-4.37,-3.74,4.59,342.0965,145.33008
0.0,-6.06,-1.90,4.87,343.0075,143.54382
0.3761872830097329,-7.56,0.27,4.88,335.02213,139.00183
0.37909649147286384,-8.71,0.58,5.16,330.56622,141.49835
0.37903258324353817,-9.62,1.11,5.04,325.48785,140.87828
0.38102594926825356,-10.44,2.01,4.99,322.51874,141.48242
0.37803233208631704,-8.18,5.19,-1.66,325.46805,141.67006
0.3711902074879718,-7.25,4.53,-3.03,335.04172,147.17601
0.3702811237331136,-6.83,4.76,-4.21,340.23053,148.4508
0.36739494689604413,-6.28,4.89,-4.90,346.72888,151.49403
0.3658359436022042,-5.06,3.32,-5.56,354.2459,153.5022
0.3660959675182274,-3.24,1.96,-6.69,348.09442,153.43964
0.3662361247549388,-1.24,1.85,-6.24,351.3351,142.32141
0.369230323310087,-0.97,2.13,-5.32,363.1219,154.79749
0.3646870014745728,-1.03,2.84,-4.91,352.747,152.16724
0.36497705736991737,-0.44,4.13,-5.13,357.5686,151.65814
0.0,1.25,3.11,-6.84,355.6045,147.09656
0.35907467702759305,3.01,3.05,-8.82,361.42578,152.6018
0.3559564190948024,4.07,2.42,-9.53,375.4155,163.823
0.35450793054128266,5.11,1.31,-8.84,382.19946,165.59851
0.35572214570203775,5.95,0.54,-7.68,383.34302,166.27234
0.3547719662500834,6.84,-0.77,-7.11,380.41553,167.07709
0.3519323629741804,8.02,-2.44,-7.44,379.92905,169.07458
0.3505357355233479,8.93,-3.45,-7.60,379.27563,166.88623
0.3505694424571286,9.82,-4.55,-7.19,373.3529,150.2948
0.35260742826171815,11.23,-6.39,-6.16,358.14883,157.32483
0.352313520691867,11.64,-6.86,-5.88,351.89142,158.51654
0.36447762714269216,12.56,-8.15,-5.08,298.23972,157.7398
0.35688325919112596,9.67,-12.55,0.06,356.4789,156.07318
0.3593506510542776,8.78,-13.19,1.99,378.97272,175.0033
0.0,7.68,-11.88,1.27,365.08478,144.8487
0.3584212964199518,9.03,-11.64,0.52,367.39673,167.95728
0.3584487831616822,9.13,-11.60,0.45,369.15857,167.14642
0.3619965176189021,6.02,-10.93,2.39,360.7326,147.61426
0.3618210760530895,5.95,-10.71,2.07,362.14444,147.47589
0.3615431844281366,5.66,-10.14,2.20,361.04895,148.22693
0.3614858843364007,5.68,-9.84,1.96,362.21884,149.62396
0.3615431844281366,5.71,-9.54,1.65,362.2465,148.65118
0.3614858843364007,5.75,-9.25,1.38,362.89978,148.57104
0.3614858843364007,5.81,-9.08,1.29,362.8452,147.25299
0.36168092793042483,5.80,-8.96,1.18,362.68018,149.17883
0.3616236421919004,5.77,-8.73,1.09,361.89178,149.59082
0.3614858843364007,5.73,-8.66,1.11,362.23706,148.94647
0.36143102324154536,5.78,-8.47,1.25,361.68393,148.22241
0.36168092793042483,5.82,-8.31,1.26,358.69382,148.84454
0.36143102324154536,5.79,-8.14,1.24,360.43762,149.30353
0.36143102324154536,5.83,-8.00,1.10,361.94788,150.63611
0.36055597716269167,5.78,-7.97,0.92,359.9182,151.41241
0.36143102324154536,5.78,-7.93,0.86,359.29092,151.08545
0.3614858843364007,5.82,-7.87,0.70,357.94485,150.34814
0.3625815767917819,5.81,-7.69,0.53,360.12073,150.23419
0.3636287114998485,5.67,-7.68,1.02,355.38086,148.59021
0.36225509890356505,5.20,-7.70,1.45,359.1662,148.39832
0.36452357180222333,5.20,-7.70,1.30,369.87845,170.79907
0.0,5.37,-7.45,0.71,356.30762,149.04773
0.3589574076383085,5.51,-7.18,0.30,360.76297,148.56396
0.36140784488112265,5.86,-7.01,0.20,356.485,150.87903
0.36269402623415326,6.22,-6.97,-0.37,358.3,150.06775
0.3609497062021061,6.40,-6.73,-0.99,359.37274,147.72162
0.36130069091573624,6.74,-6.84,-0.97,365.01892,148.29797
0.3613905167617293,6.80,-6.92,-1.01,362.7581,147.13342
0.3617279305790587,6.88,-6.92,-1.23,359.66125,147.78369
0.3596317859410442,6.96,-7.40,-0.94,365.4888,148.21582
0.36071185416700313,6.84,-7.63,-0.71,364.2317,148.10425
0.3615762598575448,6.61,-7.95,-0.18,361.70673,148.40747
0.3619614285367154,3.42,-8.76,1.70,356.2101,146.54333
0.0,1.30,-8.19,4.31,368.89703,170.04944
0.0,-0.20,-6.30,4.41,365.6069,167.49512
0.36993964678035895,-0.24,-7.94,3.80,367.35095,163.71136
0.0,-0.17,-7.07,3.34,366.0438,165.31921
0.36993964678035895,-0.11,-6.30,2.94,367.74725,164.84412
0.367869894089071,-0.00,-4.73,2.14,363.67603,164.45593
0.7777775692696839,-0.00,-4.48,1.99,248.44415,169.98315
0.36887777376033726,0.03,-4.01,1.75,365.7876,164.67169
0.36277802941787757,0.03,-3.81,1.62,353.55273,116.46124
0.367869894089071,0.05,-3.26,1.34,365.793,164.49646
0.36277802941787757,0.06,-3.10,1.26,353.71655,116.52478
0.3698327907130451,0.07,-2.73,1.05,366.16467,163.2655
0.36277802941787757,0.07,-2.65,1.02,353.41064,116.48706
0.367869894089071,0.09,-2.34,0.85,365.0586,163.79358
0.3627420106503463,0.09,-2.22,0.79,352.79218,116.31433
0.36988562344432097,0.09,-1.97,0.66,366.74078,164.49365
0.3627420106503463,0.09,-1.88,0.61,353.39014,116.4762
0.367869894089071,0.10,-1.72,0.52,365.23676,163.87646
0.36277802941787757,0.10,-1.69,0.50,353.67322,116.71985
0.367869894089071,0.11,-1.52,0.42,365.20358,164.5774
0.36277802941787757,0.11,-1.48,0.40,353.53455,116.537476
0.367869894089071,0.11,-1.34,0.33,365.68015,164.65039
0.36993964678035895,0.11,-1.27,0.29,366.31262,164.45593
0.36277802941787757,0.11,-1.22,0.26,353.33133,116.81433
0.36988562344432097,0.11,-1.14,0.22,365.1942,163.7345
0.3627420106503463,0.11,-1.12,0.20,353.35385,116.15723
0.367869894089071,0.11,-1.03,0.15,365.81586,164.20251
0.36277802941787757,0.12,-1.00,0.13,352.76917,116.56885
0.3709476738565314,0.12,-0.92,0.10,366.21265,164.8371
0.3627420106503463,0.12,-0.90,0.08,352.94977,115.986206
0.36887777376033726,0.12,-0.85,0.06,365.34723,164.60327
0.3627420106503463,0.12,-0.83,0.05,353.06393,116.55774
0.3689316496870967,0.12,-0.80,0.03,366.48022,164.55328
0.36993964678035895,0.13,-0.76,0.01,366.38287,165.24316
0.367869894089071,0.13,-0.73,-0.00,365.15308,164.4107
0.36272945910626836,0.13,-0.72,-0.01,353.2226,115.82349
